Series_Title,Released_Year,Runtime,Genre,IMDB_Rating,Director,Star1
The Shawshank Redemption,1994,142 min,Drama,9.3,Frank Darabont,Tim Robbins
The Godfather,1972,175 min,"Crime, Drama",9.2,Francis Ford Coppola,Marlon Brando
The Dark Knight,2008,152 min,"Action, Crime, Drama",9.0,Christopher Nolan,Christian Bale
The Godfather: Part II,1974,202 min,"Crime, Drama",9.0,Francis Ford Coppola,Al Pacino
12 Angry Men,1957,96 min,"Crime, Drama",9.0,Sidney Lumet,Henry Fonda
The Lord of the Rings: The Return of the King,2003,201 min,"Action, Adventure, Drama",8.9,Peter Jackson,Elijah Wood
Pulp Fiction,1994,154 min,"Crime, Drama",8.9,Quentin Tarantino,John Travolta
Schindler's List,1993,195 min,"Biography, Drama, History",8.9,Steven Spielberg,Liam Neeson
Inception,2010,148 min,"Action, Adventure, Sci-Fi",8.8,Christopher Nolan,Leonardo DiCaprio
Fight Club,1999,139 min,Drama,8.8,David Fincher,Brad Pitt
The Lord of the Rings: The Fellowship of the Ring,2001,178 min,"Action, Adventure, Drama",8.8,Peter Jackson,Elijah Wood
Forrest Gump,1994,142 min,"Drama, Romance",8.8,Robert Zemeckis,Tom Hanks
"Il buono, il brutto, il cattivo",1966,161 min,Western,8.8,Sergio Leone,Clint Eastwood
The Lord of the Rings: The Two Towers,2002,179 min,"Action, Adventure, Drama",8.7,Peter Jackson,Elijah Wood
The Matrix,1999,136 min,"Action, Sci-Fi",8.7,Lana Wachowski,Lilly Wachowski
Goodfellas,1990,146 min,"Biography, Crime, Drama",8.7,Martin Scorsese,Robert De Niro
Star Wars: Episode V - The Empire Strikes Back,1980,124 min,"Action, Adventure, Fantasy",8.7,Irvin Kershner,Mark Hamill
One Flew Over the Cuckoo's Nest,1975,133 min,Drama,8.7,Milos Forman,Jack Nicholson
Hamilton,2020,160 min,"Biography, Drama, History",8.6,Thomas Kail,Lin-Manuel Miranda
Gisaengchung,2019,132 min,"Comedy, Drama, Thriller",8.6,Bong Joon Ho,Kang-ho Song
Soorarai Pottru,2020,153 min,Drama,8.6,Sudha Kongara,Suriya
Interstellar,2014,169 min,"Adventure, Drama, Sci-Fi",8.6,Christopher Nolan,Matthew McConaughey
Cidade de Deus,2002,130 min,"Crime, Drama",8.6,Fernando Meirelles,Kátia Lund
Sen to Chihiro no kamikakushi,2001,125 min,"Animation, Adventure, Family",8.6,Hayao Miyazaki,Daveigh Chase
Saving Private Ryan,1998,169 min,"Drama, War",8.6,Steven Spielberg,Tom Hanks
The Green Mile,1999,189 min,"Crime, Drama, Fantasy",8.6,Frank Darabont,Tom Hanks
La vita è bella,1997,116 min,"Comedy, Drama, Romance",8.6,Roberto Benigni,Roberto Benigni
Se7en,1995,127 min,"Crime, Drama, Mystery",8.6,David Fincher,Morgan Freeman
The Silence of the Lambs,1991,118 min,"Crime, Drama, Thriller",8.6,Jonathan Demme,Jodie Foster
Star Wars,1977,121 min,"Action, Adventure, Fantasy",8.6,George Lucas,Mark Hamill
Seppuku,1962,133 min,"Action, Drama, Mystery",8.6,Masaki Kobayashi,Tatsuya Nakadai
Shichinin no samurai,1954,207 min,"Action, Adventure, Drama",8.6,Akira Kurosawa,Toshirô Mifune
It's a Wonderful Life,1946,130 min,"Drama, Family, Fantasy",8.6,Frank Capra,James Stewart
Joker,2019,122 min,"Crime, Drama, Thriller",8.5,Todd Phillips,Joaquin Phoenix
Whiplash,2014,106 min,"Drama, Music",8.5,Damien Chazelle,Miles Teller
The Intouchables,2011,112 min,"Biography, Comedy, Drama",8.5,Olivier Nakache,Éric Toledano
The Prestige,2006,130 min,"Drama, Mystery, Sci-Fi",8.5,Christopher Nolan,Christian Bale
The Departed,2006,151 min,"Crime, Drama, Thriller",8.5,Martin Scorsese,Leonardo DiCaprio
The Pianist,2002,150 min,"Biography, Drama, Music",8.5,Roman Polanski,Adrien Brody
Gladiator,2000,155 min,"Action, Adventure, Drama",8.5,Ridley Scott,Russell Crowe
American History X,1998,119 min,Drama,8.5,Tony Kaye,Edward Norton
The Usual Suspects,1995,106 min,"Crime, Mystery, Thriller",8.5,Bryan Singer,Kevin Spacey
Léon,1994,110 min,"Action, Crime, Drama",8.5,Luc Besson,Jean Reno
The Lion King,1994,88 min,"Animation, Adventure, Drama",8.5,Roger Allers,Rob Minkoff
Terminator 2: Judgment Day,1991,137 min,"Action, Sci-Fi",8.5,James Cameron,Arnold Schwarzenegger
Nuovo Cinema Paradiso,1988,155 min,"Drama, Romance",8.5,Giuseppe Tornatore,Philippe Noiret
Hotaru no haka,1988,89 min,"Animation, Drama, War",8.5,Isao Takahata,Tsutomu Tatsumi
Back to the Future,1985,116 min,"Adventure, Comedy, Sci-Fi",8.5,Robert Zemeckis,Michael J. Fox
Once Upon a Time in the West,1968,165 min,Western,8.5,Sergio Leone,Henry Fonda
Psycho,1960,109 min,"Horror, Mystery, Thriller",8.5,Alfred Hitchcock,Anthony Perkins
Casablanca,1942,102 min,"Drama, Romance, War",8.5,Michael Curtiz,Humphrey Bogart
Modern Times,1936,87 min,"Comedy, Drama, Family",8.5,Charles Chaplin,Charles Chaplin
City Lights,1931,87 min,"Comedy, Drama, Romance",8.5,Charles Chaplin,Charles Chaplin
Capharnaüm,2018,126 min,Drama,8.4,Nadine Labaki,Zain Al Rafeea
Ayla: The Daughter of War,2017,125 min,"Biography, Drama, History",8.4,Can Ulkay,Erdem Can
Vikram Vedha,2017,147 min,"Action, Crime, Drama",8.4,Gayatri,Pushkar
Kimi no na wa.,2016,106 min,"Animation, Drama, Fantasy",8.4,Makoto Shinkai,Ryûnosuke Kamiki
Dangal,2016,161 min,"Action, Biography, Drama",8.4,Nitesh Tiwari,Aamir Khan
Spider-Man: Into the Spider-Verse,2018,117 min,"Animation, Action, Adventure",8.4,Bob Persichetti,Peter Ramsey
Avengers: Endgame,2019,181 min,"Action, Adventure, Drama",8.4,Anthony Russo,Joe Russo
Avengers: Infinity War,2018,149 min,"Action, Adventure, Sci-Fi",8.4,Anthony Russo,Joe Russo
Coco,2017,105 min,"Animation, Adventure, Family",8.4,Lee Unkrich,Adrian Molina
Django Unchained,2012,165 min,"Drama, Western",8.4,Quentin Tarantino,Jamie Foxx
The Dark Knight Rises,2012,164 min,"Action, Adventure",8.4,Christopher Nolan,Christian Bale
3 Idiots,2009,170 min,"Comedy, Drama",8.4,Rajkumar Hirani,Aamir Khan
Taare Zameen Par,2007,165 min,"Drama, Family",8.4,Aamir Khan,Amole Gupte
WALL·E,2008,98 min,"Animation, Adventure, Family",8.4,Andrew Stanton,Ben Burtt
The Lives of Others,2006,137 min,"Drama, Mystery, Thriller",8.4,Florian Henckel von Donnersmarck,Ulrich Mühe
Oldeuboi,2003,101 min,"Action, Drama, Mystery",8.4,Chan-wook Park,Choi Min-sik
Memento,2000,113 min,"Mystery, Thriller",8.4,Christopher Nolan,Guy Pearce
Mononoke-hime,1997,134 min,"Animation, Action, Adventure",8.4,Hayao Miyazaki,Yôji Matsuda
Once Upon a Time in America,1984,229 min,"Crime, Drama",8.4,Sergio Leone,Robert De Niro
Raiders of the Lost Ark,1981,115 min,"Action, Adventure",8.4,Steven Spielberg,Harrison Ford
The Shining,1980,146 min,"Drama, Horror",8.4,Stanley Kubrick,Jack Nicholson
Apocalypse Now,1979,147 min,"Drama, Mystery, War",8.4,Francis Ford Coppola,Martin Sheen
Alien,1979,117 min,"Horror, Sci-Fi",8.4,Ridley Scott,Sigourney Weaver
Anand,1971,122 min,"Drama, Musical",8.4,Hrishikesh Mukherjee,Rajesh Khanna
Tengoku to jigoku,1963,143 min,"Crime, Drama, Mystery",8.4,Akira Kurosawa,Toshirô Mifune
Dr. Strangelove or: How I Learned to Stop Worrying and Love the Bomb,1964,95 min,Comedy,8.4,Stanley Kubrick,Peter Sellers
Witness for the Prosecution,1957,116 min,"Crime, Drama, Mystery",8.4,Billy Wilder,Tyrone Power
Paths of Glory,1957,88 min,"Drama, War",8.4,Stanley Kubrick,Kirk Douglas
Rear Window,1954,112 min,"Mystery, Thriller",8.4,Alfred Hitchcock,James Stewart
Sunset Blvd.,1950,110 min,"Drama, Film-Noir",8.4,Billy Wilder,William Holden
The Great Dictator,1940,125 min,"Comedy, Drama, War",8.4,Charles Chaplin,Charles Chaplin
1917,2019,119 min,"Drama, Thriller, War",8.3,Sam Mendes,Dean-Charles Chapman
Tumbbad,2018,104 min,"Drama, Fantasy, Horror",8.3,Rahi Anil Barve,Anand Gandhi
Andhadhun,2018,139 min,"Crime, Drama, Music",8.3,Sriram Raghavan,Ayushmann Khurrana
Drishyam,2013,160 min,"Crime, Drama, Thriller",8.3,Jeethu Joseph,Mohanlal
Jagten,2012,115 min,Drama,8.3,Thomas Vinterberg,Mads Mikkelsen
Jodaeiye Nader az Simin,2011,123 min,Drama,8.3,Asghar Farhadi,Payman Maadi
Incendies,2010,131 min,"Drama, Mystery, War",8.3,Denis Villeneuve,Lubna Azabal
Miracle in cell NO.7,2019,132 min,Drama,8.3,Mehmet Ada Öztekin,Aras Bulut Iynemli
Babam ve Oglum,2005,112 min,"Drama, Family",8.3,Çagan Irmak,Çetin Tekindor
Inglourious Basterds,2009,153 min,"Adventure, Drama, War",8.3,Quentin Tarantino,Brad Pitt
Eternal Sunshine of the Spotless Mind,2004,108 min,"Drama, Romance, Sci-Fi",8.3,Michel Gondry,Jim Carrey
Amélie,2001,122 min,"Comedy, Romance",8.3,Jean-Pierre Jeunet,Audrey Tautou
Snatch,2000,104 min,"Comedy, Crime",8.3,Guy Ritchie,Jason Statham
Requiem for a Dream,2000,102 min,Drama,8.3,Darren Aronofsky,Ellen Burstyn
American Beauty,1999,122 min,Drama,8.3,Sam Mendes,Kevin Spacey
Good Will Hunting,1997,126 min,"Drama, Romance",8.3,Gus Van Sant,Robin Williams
Bacheha-Ye aseman,1997,89 min,"Drama, Family, Sport",8.3,Majid Majidi,Mohammad Amir Naji
Toy Story,1995,81 min,"Animation, Adventure, Comedy",8.3,John Lasseter,Tom Hanks
Braveheart,1995,178 min,"Biography, Drama, History",8.3,Mel Gibson,Mel Gibson
Reservoir Dogs,1992,99 min,"Crime, Drama, Thriller",8.3,Quentin Tarantino,Harvey Keitel
Full Metal Jacket,1987,116 min,"Drama, War",8.3,Stanley Kubrick,Matthew Modine
Idi i smotri,1985,142 min,"Drama, Thriller, War",8.3,Elem Klimov,Aleksey Kravchenko
Aliens,1986,137 min,"Action, Adventure, Sci-Fi",8.3,James Cameron,Sigourney Weaver
Amadeus,1984,160 min,"Biography, Drama, History",8.3,Milos Forman,F. Murray Abraham
Scarface,1983,170 min,"Crime, Drama",8.3,Brian De Palma,Al Pacino
Star Wars: Episode VI - Return of the Jedi,1983,131 min,"Action, Adventure, Fantasy",8.3,Richard Marquand,Mark Hamill
Das Boot,1981,149 min,"Adventure, Drama, Thriller",8.3,Wolfgang Petersen,Jürgen Prochnow
Taxi Driver,1976,114 min,"Crime, Drama",8.3,Martin Scorsese,Robert De Niro
The Sting,1973,129 min,"Comedy, Crime, Drama",8.3,George Roy Hill,Paul Newman
A Clockwork Orange,1971,136 min,"Crime, Drama, Sci-Fi",8.3,Stanley Kubrick,Malcolm McDowell
2001: A Space Odyssey,1968,149 min,"Adventure, Sci-Fi",8.3,Stanley Kubrick,Keir Dullea
Per qualche dollaro in più,1965,132 min,Western,8.3,Sergio Leone,Clint Eastwood
Lawrence of Arabia,1962,228 min,"Adventure, Biography, Drama",8.3,David Lean,Peter O'Toole
The Apartment,1960,125 min,"Comedy, Drama, Romance",8.3,Billy Wilder,Jack Lemmon
North by Northwest,1959,136 min,"Adventure, Mystery, Thriller",8.3,Alfred Hitchcock,Cary Grant
Vertigo,1958,128 min,"Mystery, Romance, Thriller",8.3,Alfred Hitchcock,James Stewart
Singin' in the Rain,1952,103 min,"Comedy, Musical, Romance",8.3,Stanley Donen,Gene Kelly
Ikiru,1952,143 min,Drama,8.3,Akira Kurosawa,Takashi Shimura
Ladri di biciclette,1948,89 min,Drama,8.3,Vittorio De Sica,Lamberto Maggiorani
Double Indemnity,1944,107 min,"Crime, Drama, Film-Noir",8.3,Billy Wilder,Fred MacMurray
Citizen Kane,1941,119 min,"Drama, Mystery",8.3,Orson Welles,Orson Welles
M - Eine Stadt sucht einen Mörder,1931,117 min,"Crime, Mystery, Thriller",8.3,Fritz Lang,Peter Lorre
Metropolis,1927,153 min,"Drama, Sci-Fi",8.3,Fritz Lang,Brigitte Helm
The Kid,1921,68 min,"Comedy, Drama, Family",8.3,Charles Chaplin,Charles Chaplin
Chhichhore,2019,143 min,"Comedy, Drama",8.2,Nitesh Tiwari,Sushant Singh Rajput
Uri: The Surgical Strike,2018,138 min,"Action, Drama, War",8.2,Aditya Dhar,Vicky Kaushal
K.G.F: Chapter 1,2018,156 min,"Action, Drama",8.2,Prashanth Neel,Yash
Green Book,2018,130 min,"Biography, Comedy, Drama",8.2,Peter Farrelly,Viggo Mortensen
"Three Billboards Outside Ebbing, Missouri",2017,115 min,"Comedy, Crime, Drama",8.2,Martin McDonagh,Frances McDormand
Talvar,2015,132 min,"Crime, Drama, Mystery",8.2,Meghna Gulzar,Irrfan Khan
Baahubali 2: The Conclusion,2017,167 min,"Action, Drama",8.2,S.S. Rajamouli,Prabhas
Klaus,2019,96 min,"Animation, Adventure, Comedy",8.2,Sergio Pablos,Carlos Martínez López
Drishyam,2015,163 min,"Crime, Drama, Mystery",8.2,Nishikant Kamat,Ajay Devgn
Queen,2013,146 min,"Adventure, Comedy, Drama",8.2,Vikas Bahl,Kangana Ranaut
Mandariinid,2013,87 min,"Drama, War",8.2,Zaza Urushadze,Lembit Ulfsak
Bhaag Milkha Bhaag,2013,186 min,"Biography, Drama, Sport",8.2,Rakeysh Omprakash Mehra,Farhan Akhtar
Gangs of Wasseypur,2012,321 min,"Action, Comedy, Crime",8.2,Anurag Kashyap,Manoj Bajpayee
Udaan,2010,134 min,Drama,8.2,Vikramaditya Motwane,Rajat Barmecha
Paan Singh Tomar,2012,135 min,"Action, Biography, Crime",8.2,Tigmanshu Dhulia,Irrfan Khan
El secreto de sus ojos,2009,129 min,"Drama, Mystery, Romance",8.2,Juan José Campanella,Ricardo Darín
Warrior,2011,140 min,"Action, Drama, Sport",8.2,Gavin O'Connor,Tom Hardy
Shutter Island,2010,138 min,"Mystery, Thriller",8.2,Martin Scorsese,Leonardo DiCaprio
Up,2009,96 min,"Animation, Adventure, Comedy",8.2,Pete Docter,Bob Peterson
The Wolf of Wall Street,2013,180 min,"Biography, Crime, Drama",8.2,Martin Scorsese,Leonardo DiCaprio
Chak De! India,2007,153 min,"Drama, Family, Sport",8.2,Shimit Amin,Shah Rukh Khan
There Will Be Blood,2007,158 min,Drama,8.2,Paul Thomas Anderson,Daniel Day-Lewis
Pan's Labyrinth,2006,118 min,"Drama, Fantasy, War",8.2,Guillermo del Toro,Ivana Baquero
Toy Story 3,2010,103 min,"Animation, Adventure, Comedy",8.2,Lee Unkrich,Tom Hanks
V for Vendetta,2005,132 min,"Action, Drama, Sci-Fi",8.2,James McTeigue,Hugo Weaving
Rang De Basanti,2006,167 min,"Comedy, Crime, Drama",8.2,Rakeysh Omprakash Mehra,Aamir Khan
Black,2005,122 min,Drama,8.2,Sanjay Leela Bhansali,Amitabh Bachchan
Batman Begins,2005,140 min,"Action, Adventure",8.2,Christopher Nolan,Christian Bale
"Swades: We, the People",2004,210 min,Drama,8.2,Ashutosh Gowariker,Shah Rukh Khan
Der Untergang,2004,156 min,"Biography, Drama, History",8.2,Oliver Hirschbiegel,Bruno Ganz
Hauru no ugoku shiro,2004,119 min,"Animation, Adventure, Family",8.2,Hayao Miyazaki,Chieko Baishô
A Beautiful Mind,2001,135 min,"Biography, Drama",8.2,Ron Howard,Russell Crowe
Hera Pheri,2000,156 min,"Action, Comedy, Crime",8.2,Priyadarshan,Akshay Kumar
"Lock, Stock and Two Smoking Barrels",1998,107 min,"Action, Comedy, Crime",8.2,Guy Ritchie,Jason Flemyng
L.A. Confidential,1997,138 min,"Crime, Drama, Mystery",8.2,Curtis Hanson,Kevin Spacey
Eskiya,1996,128 min,"Crime, Drama, Thriller",8.2,Yavuz Turgul,Sener Sen
Heat,1995,170 min,"Crime, Drama, Thriller",8.2,Michael Mann,Al Pacino
Casino,1995,178 min,"Crime, Drama",8.2,Martin Scorsese,Robert De Niro
Andaz Apna Apna,1994,160 min,"Action, Comedy, Romance",8.2,Rajkumar Santoshi,Aamir Khan
Unforgiven,1992,130 min,"Drama, Western",8.2,Clint Eastwood,Clint Eastwood
Indiana Jones and the Last Crusade,1989,127 min,"Action, Adventure",8.2,Steven Spielberg,Harrison Ford
Dom za vesanje,1988,142 min,"Comedy, Crime, Drama",8.2,Emir Kusturica,Davor Dujmovic
Tonari no Totoro,1988,86 min,"Animation, Family, Fantasy",8.2,Hayao Miyazaki,Hitoshi Takagi
Die Hard,1988,132 min,"Action, Thriller",8.2,John McTiernan,Bruce Willis
Ran,1985,162 min,"Action, Drama, War",8.2,Akira Kurosawa,Tatsuya Nakadai
Raging Bull,1980,129 min,"Biography, Drama, Sport",8.2,Martin Scorsese,Robert De Niro
Stalker,1979,162 min,"Drama, Sci-Fi",8.2,Andrei Tarkovsky,Alisa Freyndlikh
Höstsonaten,1978,99 min,"Drama, Music",8.2,Ingmar Bergman,Ingrid Bergman
The Message,1976,177 min,"Biography, Drama, History",8.2,Moustapha Akkad,Anthony Quinn
Sholay,1975,204 min,"Action, Adventure, Comedy",8.2,Ramesh Sippy,Sanjeev Kumar
Monty Python and the Holy Grail,1975,91 min,"Adventure, Comedy, Fantasy",8.2,Terry Gilliam,Terry Jones
The Great Escape,1963,172 min,"Adventure, Drama, History",8.2,John Sturges,Steve McQueen
To Kill a Mockingbird,1962,129 min,"Crime, Drama",8.2,Robert Mulligan,Gregory Peck
Yôjinbô,1961,110 min,"Action, Drama, Thriller",8.2,Akira Kurosawa,Toshirô Mifune
Judgment at Nuremberg,1961,179 min,"Drama, War",8.2,Stanley Kramer,Spencer Tracy
Some Like It Hot,1959,121 min,"Comedy, Music, Romance",8.2,Billy Wilder,Marilyn Monroe
Smultronstället,1957,91 min,"Drama, Romance",8.2,Ingmar Bergman,Victor Sjöström
Det sjunde inseglet,1957,96 min,"Drama, Fantasy, History",8.2,Ingmar Bergman,Max von Sydow
Du rififi chez les hommes,1955,118 min,"Crime, Drama, Thriller",8.2,Jules Dassin,Jean Servais
Dial M for Murder,1954,105 min,"Crime, Thriller",8.2,Alfred Hitchcock,Ray Milland
Tôkyô monogatari,1953,136 min,Drama,8.2,Yasujirô Ozu,Chishû Ryû
Rashômon,1950,88 min,"Crime, Drama, Mystery",8.2,Akira Kurosawa,Toshirô Mifune
All About Eve,1950,138 min,Drama,8.2,Joseph L. Mankiewicz,Bette Davis
The Treasure of the Sierra Madre,1948,126 min,"Adventure, Drama, Western",8.2,John Huston,Humphrey Bogart
To Be or Not to Be,1942,99 min,"Comedy, War",8.2,Ernst Lubitsch,Carole Lombard
The Gold Rush,1925,95 min,"Adventure, Comedy, Drama",8.2,Charles Chaplin,Charles Chaplin
Sherlock Jr.,1924,45 min,"Action, Comedy, Romance",8.2,Buster Keaton,Buster Keaton
Portrait de la jeune fille en feu,2019,122 min,"Drama, Romance",8.1,Céline Sciamma,Noémie Merlant
Pink,2016,136 min,"Drama, Thriller",8.1,Aniruddha Roy Chowdhury,Taapsee Pannu
Koe no katachi,2016,130 min,"Animation, Drama, Family",8.1,Naoko Yamada,Miyu Irino
Contratiempo,2016,106 min,"Crime, Drama, Mystery",8.1,Oriol Paulo,Mario Casas
Ah-ga-ssi,2016,145 min,"Drama, Romance, Thriller",8.1,Chan-wook Park,Kim Min-hee
Mommy,2014,139 min,Drama,8.1,Xavier Dolan,Anne Dorval
Haider,2014,160 min,"Action, Crime, Drama",8.1,Vishal Bhardwaj,Shahid Kapoor
Logan,2017,137 min,"Action, Drama, Sci-Fi",8.1,James Mangold,Hugh Jackman
Room,2015,118 min,"Drama, Thriller",8.1,Lenny Abrahamson,Brie Larson
Relatos salvajes,2014,122 min,"Comedy, Drama, Thriller",8.1,Damián Szifron,Darío Grandinetti
Soul,2020,100 min,"Animation, Adventure, Comedy",8.1,Pete Docter,Kemp Powers
Kis Uykusu,2014,196 min,Drama,8.1,Nuri Bilge Ceylan,Haluk Bilginer
PK,2014,153 min,"Comedy, Drama, Musical",8.1,Rajkumar Hirani,Aamir Khan
OMG: Oh My God!,2012,125 min,"Comedy, Drama, Fantasy",8.1,Umesh Shukla,Paresh Rawal
The Grand Budapest Hotel,2014,99 min,"Adventure, Comedy, Crime",8.1,Wes Anderson,Ralph Fiennes
Gone Girl,2014,149 min,"Drama, Mystery, Thriller",8.1,David Fincher,Ben Affleck
Ôkami kodomo no Ame to Yuki,2012,117 min,"Animation, Drama, Fantasy",8.1,Mamoru Hosoda,Aoi Miyazaki
Hacksaw Ridge,2016,139 min,"Biography, Drama, History",8.1,Mel Gibson,Andrew Garfield
Inside Out,2015,95 min,"Animation, Adventure, Comedy",8.1,Pete Docter,Ronnie Del Carmen
Barfi!,2012,151 min,"Comedy, Drama, Romance",8.1,Anurag Basu,Ranbir Kapoor
12 Years a Slave,2013,134 min,"Biography, Drama, History",8.1,Steve McQueen,Chiwetel Ejiofor
Rush,2013,123 min,"Action, Biography, Drama",8.1,Ron Howard,Daniel Brühl
Ford v Ferrari,2019,152 min,"Action, Biography, Drama",8.1,James Mangold,Matt Damon
Spotlight,2015,129 min,"Biography, Crime, Drama",8.1,Tom McCarthy,Mark Ruffalo
Song of the Sea,2014,93 min,"Animation, Adventure, Drama",8.1,Tomm Moore,David Rawle
Kahaani,2012,122 min,"Mystery, Thriller",8.1,Sujoy Ghosh,Vidya Balan
Zindagi Na Milegi Dobara,2011,155 min,"Comedy, Drama",8.1,Zoya Akhtar,Hrithik Roshan
Prisoners,2013,153 min,"Crime, Drama, Mystery",8.1,Denis Villeneuve,Hugh Jackman
Mad Max: Fury Road,2015,120 min,"Action, Adventure, Sci-Fi",8.1,George Miller,Tom Hardy
A Wednesday,2008,104 min,"Action, Crime, Drama",8.1,Neeraj Pandey,Anupam Kher
Gran Torino,2008,116 min,Drama,8.1,Clint Eastwood,Clint Eastwood
Harry Potter and the Deathly Hallows: Part 2,2011,130 min,"Adventure, Drama, Fantasy",8.1,David Yates,Daniel Radcliffe
Okuribito,2008,130 min,"Drama, Music",8.1,Yôjirô Takita,Masahiro Motoki
Hachi: A Dog's Tale,2009,93 min,"Biography, Drama, Family",8.1,Lasse Hallström,Richard Gere
Mary and Max,2009,92 min,"Animation, Comedy, Drama",8.1,Adam Elliot,Toni Collette
How to Train Your Dragon,2010,98 min,"Animation, Action, Adventure",8.1,Dean DeBlois,Chris Sanders
Into the Wild,2007,148 min,"Adventure, Biography, Drama",8.1,Sean Penn,Emile Hirsch
No Country for Old Men,2007,122 min,"Crime, Drama, Thriller",8.1,Ethan Coen,Joel Coen
Lage Raho Munna Bhai,2006,144 min,"Comedy, Drama, Romance",8.1,Rajkumar Hirani,Sanjay Dutt
Million Dollar Baby,2004,132 min,"Drama, Sport",8.1,Clint Eastwood,Hilary Swank
Hotel Rwanda,2004,121 min,"Biography, Drama, History",8.1,Terry George,Don Cheadle
Taegukgi hwinalrimyeo,2004,140 min,"Action, Drama, War",8.1,Je-kyu Kang,Jang Dong-Gun
Before Sunset,2004,80 min,"Drama, Romance",8.1,Richard Linklater,Ethan Hawke
Munna Bhai M.B.B.S.,2003,156 min,"Comedy, Drama, Musical",8.1,Rajkumar Hirani,Sanjay Dutt
Salinui chueok,2003,131 min,"Crime, Drama, Mystery",8.1,Bong Joon Ho,Kang-ho Song
Dil Chahta Hai,2001,183 min,"Comedy, Drama, Romance",8.1,Farhan Akhtar,Aamir Khan
Kill Bill: Vol. 1,2003,111 min,"Action, Crime, Drama",8.1,Quentin Tarantino,Uma Thurman
Finding Nemo,2003,100 min,"Animation, Adventure, Comedy",8.1,Andrew Stanton,Lee Unkrich
Catch Me If You Can,2002,141 min,"Biography, Crime, Drama",8.1,Steven Spielberg,Leonardo DiCaprio
Amores perros,2000,154 min,"Drama, Thriller",8.1,Alejandro G. Iñárritu,Emilio Echevarría
"Monsters, Inc.",2001,92 min,"Animation, Adventure, Comedy",8.1,Pete Docter,David Silverman
"Shin seiki Evangelion Gekijô-ban: Air/Magokoro wo, kimi ni",1997,87 min,"Animation, Action, Drama",8.1,Hideaki Anno,Kazuya Tsurumaki
Lagaan: Once Upon a Time in India,2001,224 min,"Adventure, Drama, Musical",8.1,Ashutosh Gowariker,Aamir Khan
The Sixth Sense,1999,107 min,"Drama, Mystery, Thriller",8.1,M. Night Shyamalan,Bruce Willis
La leggenda del pianista sull'oceano,1998,169 min,"Drama, Music, Romance",8.1,Giuseppe Tornatore,Tim Roth
The Truman Show,1998,103 min,"Comedy, Drama",8.1,Peter Weir,Jim Carrey
"Crna macka, beli macor",1998,127 min,"Comedy, Crime, Romance",8.1,Emir Kusturica,Bajram Severdzan
The Big Lebowski,1998,117 min,"Comedy, Crime, Sport",8.1,Joel Coen,Ethan Coen
Fa yeung nin wah,2000,98 min,"Drama, Romance",8.1,Kar-Wai Wong,Tony Chiu-Wai Leung
Trainspotting,1996,93 min,Drama,8.1,Danny Boyle,Ewan McGregor
Fargo,1996,98 min,"Crime, Drama, Thriller",8.1,Joel Coen,Ethan Coen
Underground,1995,170 min,"Comedy, Drama, War",8.1,Emir Kusturica,Predrag 'Miki' Manojlovic
La haine,1995,98 min,"Crime, Drama",8.1,Mathieu Kassovitz,Vincent Cassel
Dilwale Dulhania Le Jayenge,1995,189 min,"Drama, Romance",8.1,Aditya Chopra,Shah Rukh Khan
Before Sunrise,1995,101 min,"Drama, Romance",8.1,Richard Linklater,Ethan Hawke
Trois couleurs: Rouge,1994,99 min,"Drama, Mystery, Romance",8.1,Krzysztof Kieslowski,Irène Jacob
Chung Hing sam lam,1994,102 min,"Comedy, Crime, Drama",8.1,Kar-Wai Wong,Brigitte Lin
Jurassic Park,1993,127 min,"Action, Adventure, Sci-Fi",8.1,Steven Spielberg,Sam Neill
In the Name of the Father,1993,133 min,"Biography, Crime, Drama",8.1,Jim Sheridan,Daniel Day-Lewis
Ba wang bie ji,1993,171 min,"Drama, Music, Romance",8.1,Kaige Chen,Leslie Cheung
Dà hóng denglong gaogao guà,1991,125 min,"Drama, History, Romance",8.1,Yimou Zhang,Gong Li
Dead Poets Society,1989,128 min,"Comedy, Drama",8.1,Peter Weir,Robin Williams
Stand by Me,1986,89 min,"Adventure, Drama",8.1,Rob Reiner,Wil Wheaton
Platoon,1986,120 min,"Drama, War",8.1,Oliver Stone,Charlie Sheen
"Paris, Texas",1984,145 min,Drama,8.1,Wim Wenders,Harry Dean Stanton
Kaze no tani no Naushika,1984,117 min,"Animation, Adventure, Fantasy",8.1,Hayao Miyazaki,Sumi Shimamoto
The Thing,1982,109 min,"Horror, Mystery, Sci-Fi",8.1,John Carpenter,Kurt Russell
Pink Floyd: The Wall,1982,95 min,"Drama, Fantasy, Music",8.1,Alan Parker,Bob Geldof
Fitzcarraldo,1982,158 min,"Adventure, Drama",8.1,Werner Herzog,Klaus Kinski
Fanny och Alexander,1982,188 min,Drama,8.1,Ingmar Bergman,Bertil Guve
Blade Runner,1982,117 min,"Action, Sci-Fi, Thriller",8.1,Ridley Scott,Harrison Ford
The Elephant Man,1980,124 min,"Biography, Drama",8.1,David Lynch,Anthony Hopkins
Life of Brian,1979,94 min,Comedy,8.1,Terry Jones,Graham Chapman
The Deer Hunter,1978,183 min,"Drama, War",8.1,Michael Cimino,Robert De Niro
Rocky,1976,120 min,"Drama, Sport",8.1,John G. Avildsen,Sylvester Stallone
Network,1976,121 min,Drama,8.1,Sidney Lumet,Faye Dunaway
Barry Lyndon,1975,185 min,"Adventure, Drama, History",8.1,Stanley Kubrick,Ryan O'Neal
Zerkalo,1975,107 min,"Biography, Drama",8.1,Andrei Tarkovsky,Margarita Terekhova
Chinatown,1974,130 min,"Drama, Mystery, Thriller",8.1,Roman Polanski,Jack Nicholson
Paper Moon,1973,102 min,"Comedy, Crime, Drama",8.1,Peter Bogdanovich,Ryan O'Neal
Viskningar och rop,1972,91 min,Drama,8.1,Ingmar Bergman,Harriet Andersson
Solaris,1972,167 min,"Drama, Mystery, Sci-Fi",8.1,Andrei Tarkovsky,Natalya Bondarchuk
Le samouraï,1967,105 min,"Crime, Drama, Mystery",8.1,Jean-Pierre Melville,Alain Delon
Cool Hand Luke,1967,127 min,"Crime, Drama",8.1,Stuart Rosenberg,Paul Newman
Persona,1966,85 min,"Drama, Thriller",8.1,Ingmar Bergman,Bibi Andersson
Andrei Rublev,1966,205 min,"Biography, Drama, History",8.1,Andrei Tarkovsky,Anatoliy Solonitsyn
La battaglia di Algeri,1966,121 min,"Drama, War",8.1,Gillo Pontecorvo,Brahim Hadjadj
El ángel exterminador,1962,95 min,"Drama, Fantasy",8.1,Luis Buñuel,Silvia Pinal
What Ever Happened to Baby Jane?,1962,134 min,"Drama, Horror, Thriller",8.1,Robert Aldrich,Bette Davis
Sanjuro,1962,96 min,"Action, Comedy, Crime",8.1,Akira Kurosawa,Toshirô Mifune
The Man Who Shot Liberty Valance,1962,123 min,"Drama, Western",8.1,John Ford,James Stewart
Ivanovo detstvo,1962,95 min,"Drama, War",8.1,Andrei Tarkovsky,Eduard Abalov
Jungfrukällan,1960,89 min,Drama,8.1,Ingmar Bergman,Max von Sydow
Inherit the Wind,1960,128 min,"Biography, Drama, History",8.1,Stanley Kramer,Spencer Tracy
Les quatre cents coups,1959,99 min,"Crime, Drama",8.1,François Truffaut,Jean-Pierre Léaud
Ben-Hur,1959,212 min,"Adventure, Drama, History",8.1,William Wyler,Charlton Heston
Kakushi-toride no san-akunin,1958,139 min,"Adventure, Drama",8.1,Akira Kurosawa,Toshirô Mifune
Le notti di Cabiria,1957,110 min,Drama,8.1,Federico Fellini,Giulietta Masina
Kumonosu-jô,1957,110 min,"Drama, History",8.1,Akira Kurosawa,Toshirô Mifune
The Bridge on the River Kwai,1957,161 min,"Adventure, Drama, War",8.1,David Lean,William Holden
On the Waterfront,1954,108 min,"Crime, Drama, Thriller",8.1,Elia Kazan,Marlon Brando
Le salaire de la peur,1953,131 min,"Adventure, Drama, Thriller",8.1,Henri-Georges Clouzot,Yves Montand
Ace in the Hole,1951,111 min,"Drama, Film-Noir",8.1,Billy Wilder,Kirk Douglas
White Heat,1949,114 min,"Action, Crime, Drama",8.1,Raoul Walsh,James Cagney
The Third Man,1949,104 min,"Film-Noir, Mystery, Thriller",8.1,Carol Reed,Orson Welles
The Red Shoes,1948,135 min,"Drama, Music, Romance",8.1,Michael Powell,Emeric Pressburger
The Shop Around the Corner,1940,99 min,"Comedy, Drama, Romance",8.1,Ernst Lubitsch,Margaret Sullavan
Rebecca,1940,130 min,"Drama, Mystery, Romance",8.1,Alfred Hitchcock,Laurence Olivier
Mr. Smith Goes to Washington,1939,129 min,"Comedy, Drama",8.1,Frank Capra,James Stewart
Gone with the Wind,1939,238 min,"Drama, History, Romance",8.1,Victor Fleming,George Cukor
La Grande Illusion,1937,113 min,"Drama, War",8.1,Jean Renoir,Jean Gabin
It Happened One Night,1934,105 min,"Comedy, Romance",8.1,Frank Capra,Clark Gable
La passion de Jeanne d'Arc,1928,110 min,"Biography, Drama, History",8.1,Carl Theodor Dreyer,Maria Falconetti
The Circus,1928,72 min,"Comedy, Romance",8.1,Charles Chaplin,Charles Chaplin
Sunrise: A Song of Two Humans,1927,94 min,"Drama, Romance",8.1,F.W. Murnau,George O'Brien
The General,1926,67 min,"Action, Adventure, Comedy",8.1,Clyde Bruckman,Buster Keaton
Das Cabinet des Dr. Caligari,1920,76 min,"Fantasy, Horror, Mystery",8.1,Robert Wiene,Werner Krauss
Badhaai ho,2018,124 min,"Comedy, Drama",8.0,Amit Ravindernath Sharma,Ayushmann Khurrana
Togo,2019,113 min,"Adventure, Biography, Drama",8.0,Ericson Core,Willem Dafoe
Airlift,2016,130 min,"Drama, History",8.0,Raja Menon,Akshay Kumar
Bajrangi Bhaijaan,2015,163 min,"Action, Adventure, Comedy",8.0,Kabir Khan,Salman Khan
Baby,2015,159 min,"Action, Crime, Thriller",8.0,Neeraj Pandey,Akshay Kumar
La La Land,2016,128 min,"Comedy, Drama, Music",8.0,Damien Chazelle,Ryan Gosling
Lion,2016,118 min,"Biography, Drama",8.0,Garth Davis,Dev Patel
The Martian,2015,144 min,"Adventure, Drama, Sci-Fi",8.0,Ridley Scott,Matt Damon
Zootopia,2016,108 min,"Animation, Adventure, Comedy",8.0,Byron Howard,Rich Moore
Bãhubali: The Beginning,2015,159 min,"Action, Drama",8.0,S.S. Rajamouli,Prabhas
Kaguyahime no monogatari,2013,137 min,"Animation, Adventure, Drama",8.0,Isao Takahata,Chloë Grace Moretz
Wonder,2017,113 min,"Drama, Family",8.0,Stephen Chbosky,Jacob Tremblay
Gully Boy,2019,154 min,"Drama, Music, Romance",8.0,Zoya Akhtar,Vijay Varma
Special Chabbis,2013,144 min,"Crime, Drama, Thriller",8.0,Neeraj Pandey,Akshay Kumar
Short Term 12,2013,96 min,Drama,8.0,Destin Daniel Cretton,Brie Larson
Serbuan maut 2: Berandal,2014,150 min,"Action, Crime, Thriller",8.0,Gareth Evans,Iko Uwais
The Imitation Game,2014,114 min,"Biography, Drama, Thriller",8.0,Morten Tyldum,Benedict Cumberbatch
Guardians of the Galaxy,2014,121 min,"Action, Adventure, Comedy",8.0,James Gunn,Chris Pratt
Blade Runner 2049,2017,164 min,"Action, Drama, Mystery",8.0,Denis Villeneuve,Harrison Ford
Her,2013,126 min,"Drama, Romance, Sci-Fi",8.0,Spike Jonze,Joaquin Phoenix
Bohemian Rhapsody,2018,134 min,"Biography, Drama, Music",8.0,Bryan Singer,Rami Malek
The Revenant,2015,156 min,"Action, Adventure, Drama",8.0,Alejandro G. Iñárritu,Leonardo DiCaprio
The Perks of Being a Wallflower,2012,103 min,"Drama, Romance",8.0,Stephen Chbosky,Logan Lerman
Tropa de Elite 2: O Inimigo Agora é Outro,2010,115 min,"Action, Crime, Drama",8.0,José Padilha,Wagner Moura
The King's Speech,2010,118 min,"Biography, Drama, History",8.0,Tom Hooper,Colin Firth
The Help,2011,146 min,Drama,8.0,Tate Taylor,Emma Stone
Deadpool,2016,108 min,"Action, Adventure, Comedy",8.0,Tim Miller,Ryan Reynolds
Darbareye Elly,2009,119 min,"Drama, Mystery",8.0,Asghar Farhadi,Golshifteh Farahani
Dev.D,2009,144 min,"Drama, Romance",8.0,Anurag Kashyap,Abhay Deol
Yip Man,2008,106 min,"Action, Biography, Drama",8.0,Wilson Yip,Donnie Yen
My Name Is Khan,2010,165 min,Drama,8.0,Karan Johar,Shah Rukh Khan
Nefes: Vatan Sagolsun,2009,128 min,"Action, Drama, Thriller",8.0,Levent Semerci,Erdem Can
Slumdog Millionaire,2008,120 min,"Drama, Romance",8.0,Danny Boyle,Loveleen Tandan
Black Swan,2010,108 min,"Drama, Thriller",8.0,Darren Aronofsky,Natalie Portman
Tropa de Elite,2007,115 min,"Action, Crime, Drama",8.0,José Padilha,Wagner Moura
The Avengers,2012,143 min,"Action, Adventure, Sci-Fi",8.0,Joss Whedon,Robert Downey Jr.
Persepolis,2007,96 min,"Animation, Biography, Drama",8.0,Vincent Paronnaud,Marjane Satrapi
Dallas Buyers Club,2013,117 min,"Biography, Drama",8.0,Jean-Marc Vallée,Matthew McConaughey
The Pursuit of Happyness,2006,117 min,"Biography, Drama",8.0,Gabriele Muccino,Will Smith
Blood Diamond,2006,143 min,"Adventure, Drama, Thriller",8.0,Edward Zwick,Leonardo DiCaprio
The Bourne Ultimatum,2007,115 min,"Action, Mystery, Thriller",8.0,Paul Greengrass,Matt Damon
Bin-jip,2004,88 min,"Crime, Drama, Romance",8.0,Ki-duk Kim,Seung-Yun Lee
Sin City,2005,124 min,"Crime, Thriller",8.0,Frank Miller,Quentin Tarantino
Le scaphandre et le papillon,2007,112 min,"Biography, Drama",8.0,Julian Schnabel,Laura Obiols
G.O.R.A.,2004,127 min,"Adventure, Comedy, Sci-Fi",8.0,Ömer Faruk Sorak,Cem Yilmaz
Ratatouille,2007,111 min,"Animation, Adventure, Comedy",8.0,Brad Bird,Jan Pinkava
Casino Royale,2006,144 min,"Action, Adventure, Thriller",8.0,Martin Campbell,Daniel Craig
Kill Bill: Vol. 2,2004,137 min,"Action, Crime, Thriller",8.0,Quentin Tarantino,Uma Thurman
Vozvrashchenie,2003,110 min,Drama,8.0,Andrey Zvyagintsev,Vladimir Garin
Bom Yeoareum Gaeul Gyeoul Geurigo Bom,2003,103 min,"Drama, Romance",8.0,Ki-duk Kim,Ki-duk Kim
Mar adentro,2014,126 min,"Biography, Drama",8.0,Alejandro Amenábar,Javier Bardem
Cinderella Man,2005,144 min,"Biography, Drama, History",8.0,Ron Howard,Russell Crowe
Kal Ho Naa Ho,2003,186 min,"Comedy, Drama, Musical",8.0,Nikkhil Advani,Preity Zinta
Mou gaan dou,2002,101 min,"Action, Crime, Drama",8.0,Andrew Lau,Alan Mak
Pirates of the Caribbean: The Curse of the Black Pearl,2003,143 min,"Action, Adventure, Fantasy",8.0,Gore Verbinski,Johnny Depp
Big Fish,2003,125 min,"Adventure, Drama, Fantasy",8.0,Tim Burton,Ewan McGregor
The Incredibles,2004,115 min,"Animation, Action, Adventure",8.0,Brad Bird,Craig T. Nelson
Yeopgijeogin geunyeo,2001,137 min,"Comedy, Drama, Romance",8.0,Jae-young Kwak,Tae-Hyun Cha
Dogville,2003,178 min,"Crime, Drama",8.0,Lars von Trier,Nicole Kidman
Vizontele,2001,110 min,"Comedy, Drama",8.0,Yilmaz Erdogan,Ömer Faruk Sorak
Donnie Darko,2001,113 min,"Drama, Mystery, Sci-Fi",8.0,Richard Kelly,Jake Gyllenhaal
Magnolia,1999,188 min,Drama,8.0,Paul Thomas Anderson,Tom Cruise
Dancer in the Dark,2000,140 min,"Crime, Drama, Musical",8.0,Lars von Trier,Björk
The Straight Story,1999,112 min,"Biography, Drama",8.0,David Lynch,Richard Farnsworth
Pâfekuto burû,1997,81 min,"Animation, Crime, Mystery",8.0,Satoshi Kon,Junko Iwao
Festen,1998,105 min,Drama,8.0,Thomas Vinterberg,Ulrich Thomsen
Central do Brasil,1998,110 min,Drama,8.0,Walter Salles,Fernanda Montenegro
The Iron Giant,1999,86 min,"Animation, Action, Adventure",8.0,Brad Bird,Eli Marienthal
Knockin' on Heaven's Door,1997,87 min,"Action, Crime, Comedy",8.0,Thomas Jahn,Til Schweiger
Sling Blade,1996,135 min,Drama,8.0,Billy Bob Thornton,Billy Bob Thornton
Secrets & Lies,1996,136 min,"Comedy, Drama",8.0,Mike Leigh,Timothy Spall
Twelve Monkeys,1995,129 min,"Mystery, Sci-Fi, Thriller",8.0,Terry Gilliam,Bruce Willis
Kôkaku Kidôtai,1995,83 min,"Animation, Action, Crime",8.0,Mamoru Oshii,Atsuko Tanaka
The Nightmare Before Christmas,1993,76 min,"Animation, Family, Fantasy",8.0,Henry Selick,Danny Elfman
Groundhog Day,1993,101 min,"Comedy, Fantasy, Romance",8.0,Harold Ramis,Bill Murray
Bound by Honor,1993,180 min,"Crime, Drama",8.0,Taylor Hackford,Damian Chapa
Scent of a Woman,1992,156 min,Drama,8.0,Martin Brest,Al Pacino
Aladdin,1992,90 min,"Animation, Adventure, Comedy",8.0,Ron Clements,John Musker
JFK,1991,189 min,"Drama, History, Thriller",8.0,Oliver Stone,Kevin Costner
Beauty and the Beast,1991,84 min,"Animation, Family, Fantasy",8.0,Gary Trousdale,Kirk Wise
Dances with Wolves,1990,181 min,"Adventure, Drama, Western",8.0,Kevin Costner,Kevin Costner
Do the Right Thing,1989,120 min,"Comedy, Drama",8.0,Spike Lee,Danny Aiello
Rain Man,1988,133 min,Drama,8.0,Barry Levinson,Dustin Hoffman
Akira,1988,124 min,"Animation, Action, Sci-Fi",8.0,Katsuhiro Ôtomo,Mitsuo Iwata
The Princess Bride,1987,98 min,"Adventure, Family, Fantasy",8.0,Rob Reiner,Cary Elwes
Der Himmel über Berlin,1987,128 min,"Drama, Fantasy, Romance",8.0,Wim Wenders,Bruno Ganz
Au revoir les enfants,1987,104 min,"Drama, War",8.0,Louis Malle,Gaspard Manesse
Tenkû no shiro Rapyuta,1986,125 min,"Animation, Adventure, Drama",8.0,Hayao Miyazaki,Mayumi Tanaka
The Terminator,1984,107 min,"Action, Sci-Fi",8.0,James Cameron,Arnold Schwarzenegger
Gandhi,1982,191 min,"Biography, Drama, History",8.0,Richard Attenborough,Ben Kingsley
Kagemusha,1980,180 min,"Drama, History, War",8.0,Akira Kurosawa,Tatsuya Nakadai
Being There,1979,130 min,"Comedy, Drama",8.0,Hal Ashby,Peter Sellers
Annie Hall,1977,93 min,"Comedy, Romance",8.0,Woody Allen,Woody Allen
Jaws,1975,124 min,"Adventure, Thriller",8.0,Steven Spielberg,Roy Scheider
Dog Day Afternoon,1975,125 min,"Biography, Crime, Drama",8.0,Sidney Lumet,Al Pacino
Young Frankenstein,1974,106 min,Comedy,8.0,Mel Brooks,Gene Wilder
Papillon,1973,151 min,"Biography, Crime, Drama",8.0,Franklin J. Schaffner,Steve McQueen
The Exorcist,1973,122 min,Horror,8.0,William Friedkin,Ellen Burstyn
Sleuth,1972,138 min,"Mystery, Thriller",8.0,Joseph L. Mankiewicz,Laurence Olivier
The Last Picture Show,1971,118 min,"Drama, Romance",8.0,Peter Bogdanovich,Timothy Bottoms
Fiddler on the Roof,1971,181 min,"Drama, Family, Musical",8.0,Norman Jewison,Topol
Il conformista,1970,113 min,Drama,8.0,Bernardo Bertolucci,Jean-Louis Trintignant
Butch Cassidy and the Sundance Kid,1969,110 min,"Biography, Crime, Drama",8.0,George Roy Hill,Paul Newman
Rosemary's Baby,1968,137 min,"Drama, Horror",8.0,Roman Polanski,Mia Farrow
Planet of the Apes,1968,112 min,"Adventure, Sci-Fi",8.0,Franklin J. Schaffner,Charlton Heston
The Graduate,1967,106 min,"Comedy, Drama, Romance",8.0,Mike Nichols,Dustin Hoffman
Who's Afraid of Virginia Woolf?,1966,131 min,Drama,8.0,Mike Nichols,Elizabeth Taylor
The Sound of Music,1965,172 min,"Biography, Drama, Family",8.0,Robert Wise,Julie Andrews
Doctor Zhivago,1965,197 min,"Drama, Romance, War",8.0,David Lean,Omar Sharif
Per un pugno di dollari,1964,99 min,"Action, Drama, Western",8.0,Sergio Leone,Clint Eastwood
8½,1963,138 min,Drama,8.0,Federico Fellini,Marcello Mastroianni
Vivre sa vie: Film en douze tableaux,1962,80 min,Drama,8.0,Jean-Luc Godard,Anna Karina
The Hustler,1961,134 min,"Drama, Sport",8.0,Robert Rossen,Paul Newman
La dolce vita,1960,174 min,"Comedy, Drama",8.0,Federico Fellini,Marcello Mastroianni
Rio Bravo,1959,141 min,"Action, Drama, Western",8.0,Howard Hawks,John Wayne
Anatomy of a Murder,1959,161 min,"Crime, Drama, Mystery",8.0,Otto Preminger,James Stewart
Touch of Evil,1958,95 min,"Crime, Drama, Film-Noir",8.0,Orson Welles,Charlton Heston
Cat on a Hot Tin Roof,1958,108 min,Drama,8.0,Richard Brooks,Elizabeth Taylor
Sweet Smell of Success,1957,96 min,"Drama, Film-Noir",8.0,Alexander Mackendrick,Burt Lancaster
The Killing,1956,84 min,"Crime, Drama, Film-Noir",8.0,Stanley Kubrick,Sterling Hayden
The Night of the Hunter,1955,92 min,"Crime, Drama, Film-Noir",8.0,Charles Laughton,Robert Mitchum
La Strada,1954,108 min,Drama,8.0,Federico Fellini,Anthony Quinn
Les diaboliques,1955,117 min,"Crime, Drama, Horror",8.0,Henri-Georges Clouzot,Simone Signoret
Stalag 17,1953,120 min,"Comedy, Drama, War",8.0,Billy Wilder,William Holden
Roman Holiday,1953,118 min,"Comedy, Romance",8.0,William Wyler,Gregory Peck
A Streetcar Named Desire,1951,122 min,Drama,8.0,Elia Kazan,Vivien Leigh
In a Lonely Place,1950,94 min,"Drama, Film-Noir, Mystery",8.0,Nicholas Ray,Humphrey Bogart
Kind Hearts and Coronets,1949,106 min,"Comedy, Crime",8.0,Robert Hamer,Dennis Price
Rope,1948,80 min,"Crime, Drama, Mystery",8.0,Alfred Hitchcock,James Stewart
Out of the Past,1947,97 min,"Crime, Drama, Film-Noir",8.0,Jacques Tourneur,Robert Mitchum
Brief Encounter,1945,86 min,"Drama, Romance",8.0,David Lean,Celia Johnson
Laura,1944,88 min,"Drama, Film-Noir, Mystery",8.0,Otto Preminger,Gene Tierney
The Best Years of Our Lives,1946,170 min,"Drama, Romance, War",8.0,William Wyler,Myrna Loy
Arsenic and Old Lace,1942,118 min,"Comedy, Crime, Thriller",8.0,Frank Capra,Cary Grant
The Maltese Falcon,1941,100 min,"Film-Noir, Mystery",8.0,John Huston,Humphrey Bogart
The Grapes of Wrath,1940,129 min,"Drama, History",8.0,John Ford,Henry Fonda
The Wizard of Oz,1939,102 min,"Adventure, Family, Fantasy",8.0,Victor Fleming,George Cukor
La règle du jeu,1939,110 min,"Comedy, Drama",8.0,Jean Renoir,Marcel Dalio
The Thin Man,1934,91 min,"Comedy, Crime, Mystery",8.0,W.S. Van Dyke,William Powell
All Quiet on the Western Front,1930,152 min,"Drama, War",8.0,Lewis Milestone,Lew Ayres
Bronenosets Potemkin,1925,75 min,"Drama, History, Thriller",8.0,Sergei M. Eisenstein,Aleksandr Antonov
Knives Out,2019,130 min,"Comedy, Crime, Drama",7.9,Rian Johnson,Daniel Craig
Dil Bechara,2020,101 min,"Comedy, Drama, Romance",7.9,Mukesh Chhabra,Sushant Singh Rajput
Manbiki kazoku,2018,121 min,"Crime, Drama",7.9,Hirokazu Koreeda,Lily Franky
Marriage Story,2019,137 min,"Comedy, Drama, Romance",7.9,Noah Baumbach,Adam Driver
Call Me by Your Name,2017,132 min,"Drama, Romance",7.9,Luca Guadagnino,Armie Hammer
"I, Daniel Blake",2016,100 min,Drama,7.9,Ken Loach,Laura Obiols
Isle of Dogs,2018,101 min,"Animation, Adventure, Comedy",7.9,Wes Anderson,Bryan Cranston
Hunt for the Wilderpeople,2016,101 min,"Adventure, Comedy, Drama",7.9,Taika Waititi,Sam Neill
Captain Fantastic,2016,118 min,"Comedy, Drama",7.9,Matt Ross,Viggo Mortensen
Sing Street,2016,106 min,"Comedy, Drama, Music",7.9,John Carney,Ferdia Walsh-Peelo
Thor: Ragnarok,2017,130 min,"Action, Adventure, Comedy",7.9,Taika Waititi,Chris Hemsworth
Nightcrawler,2014,117 min,"Crime, Drama, Thriller",7.9,Dan Gilroy,Jake Gyllenhaal
Jojo Rabbit,2019,108 min,"Comedy, Drama, War",7.9,Taika Waititi,Roman Griffin Davis
Arrival,2016,116 min,"Drama, Sci-Fi",7.9,Denis Villeneuve,Amy Adams
Star Wars: Episode VII - The Force Awakens,2015,138 min,"Action, Adventure, Sci-Fi",7.9,J.J. Abrams,Daisy Ridley
Before Midnight,2013,109 min,"Drama, Romance",7.9,Richard Linklater,Ethan Hawke
X-Men: Days of Future Past,2014,132 min,"Action, Adventure, Sci-Fi",7.9,Bryan Singer,Patrick Stewart
Bir Zamanlar Anadolu'da,2011,157 min,"Crime, Drama",7.9,Nuri Bilge Ceylan,Muhammet Uzuner
The Artist,2011,100 min,"Comedy, Drama, Romance",7.9,Michel Hazanavicius,Jean Dujardin
Edge of Tomorrow,2014,113 min,"Action, Adventure, Sci-Fi",7.9,Doug Liman,Tom Cruise
Amour,2012,127 min,"Drama, Romance",7.9,Michael Haneke,Jean-Louis Trintignant
The Irishman,2019,209 min,"Biography, Crime, Drama",7.9,Martin Scorsese,Robert De Niro
Un prophète,2009,155 min,"Crime, Drama",7.9,Jacques Audiard,Tahar Rahim
Moon,2009,97 min,"Drama, Mystery, Sci-Fi",7.9,Duncan Jones,Sam Rockwell
Låt den rätte komma in,2008,114 min,"Crime, Drama, Fantasy",7.9,Tomas Alfredson,Kåre Hedebrant
District 9,2009,112 min,"Action, Sci-Fi, Thriller",7.9,Neill Blomkamp,Sharlto Copley
The Wrestler,2008,109 min,"Drama, Sport",7.9,Darren Aronofsky,Mickey Rourke
Jab We Met,2007,138 min,"Comedy, Drama, Romance",7.9,Imtiaz Ali,Shahid Kapoor
Boyhood,2014,165 min,Drama,7.9,Richard Linklater,Ellar Coltrane
"4 luni, 3 saptamâni si 2 zile",2007,113 min,Drama,7.9,Cristian Mungiu,Anamaria Marinca
Star Trek,2009,127 min,"Action, Adventure, Sci-Fi",7.9,J.J. Abrams,Chris Pine
In Bruges,2008,107 min,"Comedy, Crime, Drama",7.9,Martin McDonagh,Colin Farrell
The Man from Earth,2007,87 min,"Drama, Fantasy, Mystery",7.9,Richard Schenkman,David Lee Smith
Letters from Iwo Jima,2006,141 min,"Action, Adventure, Drama",7.9,Clint Eastwood,Ken Watanabe
The Fall,2006,117 min,"Adventure, Drama, Fantasy",7.9,Tarsem Singh,Lee Pace
Life of Pi,2012,127 min,"Adventure, Drama, Fantasy",7.9,Ang Lee,Suraj Sharma
Fantastic Mr. Fox,2009,87 min,"Animation, Adventure, Comedy",7.9,Wes Anderson,George Clooney
C.R.A.Z.Y.,2005,129 min,"Comedy, Drama",7.9,Jean-Marc Vallée,Michel Côté
Les choristes,2004,97 min,"Drama, Music",7.9,Christophe Barratier,Gérard Jugnot
Iron Man,2008,126 min,"Action, Adventure, Sci-Fi",7.9,Jon Favreau,Robert Downey Jr.
Shaun of the Dead,2004,99 min,"Comedy, Horror",7.9,Edgar Wright,Simon Pegg
Gegen die Wand,2004,121 min,"Drama, Romance",7.9,Fatih Akin,Birol Ünel
Mystic River,2003,138 min,"Crime, Drama, Mystery",7.9,Clint Eastwood,Sean Penn
Harry Potter and the Prisoner of Azkaban,2004,142 min,"Adventure, Family, Fantasy",7.9,Alfonso Cuarón,Daniel Radcliffe
Ying xiong,2002,120 min,"Action, Adventure, History",7.9,Yimou Zhang,Jet Li
Hable con ella,2002,112 min,"Drama, Mystery, Romance",7.9,Pedro Almodóvar,Rosario Flores
No Man's Land,2001,98 min,"Comedy, Drama, War",7.9,Danis Tanovic,Branko Djuric
Cowboy Bebop: Tengoku no tobira,2001,115 min,"Animation, Action, Crime",7.9,Shin'ichirô Watanabe,Tensai Okamura
The Bourne Identity,2002,119 min,"Action, Mystery, Thriller",7.9,Doug Liman,Franka Potente
Nueve reinas,2000,114 min,"Crime, Drama, Thriller",7.9,Fabián Bielinsky,Ricardo Darín
Children of Men,2006,109 min,"Adventure, Drama, Sci-Fi",7.9,Alfonso Cuarón,Julianne Moore
Almost Famous,2000,122 min,"Adventure, Comedy, Drama",7.9,Cameron Crowe,Billy Crudup
Mulholland Dr.,2001,147 min,"Drama, Mystery, Thriller",7.9,David Lynch,Naomi Watts
Toy Story 2,1999,92 min,"Animation, Adventure, Comedy",7.9,John Lasseter,Ash Brannon
Boogie Nights,1997,155 min,Drama,7.9,Paul Thomas Anderson,Mark Wahlberg
Mimi wo sumaseba,1995,111 min,"Animation, Drama, Family",7.9,Yoshifumi Kondô,Yoko Honna
Once Were Warriors,1994,102 min,"Crime, Drama",7.9,Lee Tamahori,Rena Owen
True Romance,1993,119 min,"Crime, Drama, Romance",7.9,Tony Scott,Christian Slater
Trois couleurs: Bleu,1993,94 min,"Drama, Music, Mystery",7.9,Krzysztof Kieslowski,Juliette Binoche
Jûbê ninpûchô,1993,94 min,"Animation, Action, Adventure",7.9,Yoshiaki Kawajiri,Kôichi Yamadera
Carlito's Way,1993,144 min,"Crime, Drama, Thriller",7.9,Brian De Palma,Al Pacino
Edward Scissorhands,1990,105 min,"Drama, Fantasy, Romance",7.9,Tim Burton,Johnny Depp
My Left Foot: The Story of Christy Brown,1989,103 min,"Biography, Drama",7.9,Jim Sheridan,Daniel Day-Lewis
Crimes and Misdemeanors,1989,104 min,"Comedy, Drama",7.9,Woody Allen,Martin Landau
The Untouchables,1987,119 min,"Crime, Drama, Thriller",7.9,Brian De Palma,Kevin Costner
Hannah and Her Sisters,1986,107 min,"Comedy, Drama",7.9,Woody Allen,Mia Farrow
Brazil,1985,132 min,"Drama, Sci-Fi",7.9,Terry Gilliam,Jonathan Pryce
This Is Spinal Tap,1984,82 min,"Comedy, Music",7.9,Rob Reiner,Rob Reiner
A Christmas Story,1983,93 min,"Comedy, Family",7.9,Bob Clark,Peter Billingsley
The Blues Brothers,1980,133 min,"Action, Adventure, Comedy",7.9,John Landis,John Belushi
Manhattan,1979,96 min,"Comedy, Drama, Romance",7.9,Woody Allen,Woody Allen
All That Jazz,1979,123 min,"Drama, Music, Musical",7.9,Bob Fosse,Roy Scheider
Dawn of the Dead,1978,127 min,"Action, Adventure, Horror",7.9,George A. Romero,David Emge
All the President's Men,1976,138 min,"Biography, Drama, History",7.9,Alan J. Pakula,Dustin Hoffman
La montaña sagrada,1973,114 min,"Adventure, Drama, Fantasy",7.9,Alejandro Jodorowsky,Alejandro Jodorowsky
Amarcord,1973,123 min,"Comedy, Drama, Family",7.9,Federico Fellini,Magali Noël
Le charme discret de la bourgeoisie,1972,102 min,Comedy,7.9,Luis Buñuel,Fernando Rey
"Aguirre, der Zorn Gottes",1972,95 min,"Action, Adventure, Biography",7.9,Werner Herzog,Klaus Kinski
Harold and Maude,1971,91 min,"Comedy, Drama, Romance",7.9,Hal Ashby,Ruth Gordon
Patton,1970,172 min,"Biography, Drama, War",7.9,Franklin J. Schaffner,George C. Scott
The Wild Bunch,1969,145 min,"Action, Adventure, Western",7.9,Sam Peckinpah,William Holden
Night of the Living Dead,1968,96 min,"Horror, Thriller",7.9,George A. Romero,Duane Jones
The Lion in Winter,1968,134 min,"Biography, Drama, History",7.9,Anthony Harvey,Peter O'Toole
In the Heat of the Night,1967,110 min,"Crime, Drama, Mystery",7.9,Norman Jewison,Sidney Poitier
Charade,1963,113 min,"Comedy, Mystery, Romance",7.9,Stanley Donen,Cary Grant
The Manchurian Candidate,1962,126 min,"Drama, Thriller",7.9,John Frankenheimer,Frank Sinatra
Spartacus,1960,197 min,"Adventure, Biography, Drama",7.9,Stanley Kubrick,Kirk Douglas
L'avventura,1960,144 min,"Drama, Mystery",7.9,Michelangelo Antonioni,Gabriele Ferzetti
Hiroshima mon amour,1959,90 min,"Drama, Romance",7.9,Alain Resnais,Emmanuelle Riva
The Ten Commandments,1956,220 min,"Adventure, Drama",7.9,Cecil B. DeMille,Charlton Heston
The Searchers,1956,119 min,"Adventure, Drama, Western",7.9,John Ford,John Wayne
East of Eden,1955,118 min,Drama,7.9,Elia Kazan,James Dean
High Noon,1952,85 min,"Drama, Thriller, Western",7.9,Fred Zinnemann,Gary Cooper
Strangers on a Train,1951,101 min,"Crime, Film-Noir, Thriller",7.9,Alfred Hitchcock,Farley Granger
Harvey,1950,104 min,"Comedy, Drama, Fantasy",7.9,Henry Koster,James Stewart
Miracle on 34th Street,1947,96 min,"Comedy, Drama, Family",7.9,George Seaton,Edmund Gwenn
Notorious,1946,102 min,"Drama, Film-Noir, Romance",7.9,Alfred Hitchcock,Cary Grant
The Big Sleep,1946,114 min,"Crime, Film-Noir, Mystery",7.9,Howard Hawks,Humphrey Bogart
The Lost Weekend,1945,101 min,"Drama, Film-Noir",7.9,Billy Wilder,Ray Milland
The Philadelphia Story,1940,112 min,"Comedy, Romance",7.9,George Cukor,Cary Grant
His Girl Friday,1940,92 min,"Comedy, Drama, Romance",7.9,Howard Hawks,Cary Grant
The Adventures of Robin Hood,1938,102 min,"Action, Adventure, Romance",7.9,Michael Curtiz,William Keighley
A Night at the Opera,1935,96 min,"Comedy, Music, Musical",7.9,Sam Wood,Edmund Goulding
King Kong,1933,100 min,"Adventure, Horror, Sci-Fi",7.9,Merian C. Cooper,Ernest B. Schoedsack
Freaks,1932,64 min,"Drama, Horror",7.9,Tod Browning,Wallace Ford
Nosferatu,1922,94 min,"Fantasy, Horror",7.9,F.W. Murnau,Max Schreck
The Gentlemen,2019,113 min,"Action, Comedy, Crime",7.8,Guy Ritchie,Matthew McConaughey
Raazi,2018,138 min,"Action, Drama, Thriller",7.8,Meghna Gulzar,Alia Bhatt
Sound of Metal,2019,120 min,"Drama, Music",7.8,Darius Marder,Riz Ahmed
Forushande,2016,124 min,Drama,7.8,Asghar Farhadi,Shahab Hosseini
Dunkirk,2017,106 min,"Action, Drama, History",7.8,Christopher Nolan,Fionn Whitehead
Perfetti sconosciuti,2016,96 min,"Comedy, Drama",7.8,Paolo Genovese,Giuseppe Battiston
Hidden Figures,2016,127 min,"Biography, Drama, History",7.8,Theodore Melfi,Taraji P. Henson
Paddington 2,2017,103 min,"Adventure, Comedy, Family",7.8,Paul King,Ben Whishaw
Udta Punjab,2016,148 min,"Action, Crime, Drama",7.8,Abhishek Chaubey,Shahid Kapoor
Kubo and the Two Strings,2016,101 min,"Animation, Action, Adventure",7.8,Travis Knight,Charlize Theron
M.S. Dhoni: The Untold Story,2016,184 min,"Biography, Drama, Sport",7.8,Neeraj Pandey,Sushant Singh Rajput
Manchester by the Sea,2016,137 min,Drama,7.8,Kenneth Lonergan,Casey Affleck
Under sandet,2015,100 min,"Drama, History, War",7.8,Martin Zandvliet,Roland Møller
Rogue One,2016,133 min,"Action, Adventure, Sci-Fi",7.8,Gareth Edwards,Felicity Jones
Captain America: Civil War,2016,147 min,"Action, Adventure, Sci-Fi",7.8,Anthony Russo,Joe Russo
The Hateful Eight,2015,168 min,"Crime, Drama, Mystery",7.8,Quentin Tarantino,Samuel L. Jackson
Little Women,2019,135 min,"Drama, Romance",7.8,Greta Gerwig,Saoirse Ronan
Loving Vincent,2017,94 min,"Animation, Biography, Crime",7.8,Dorota Kobiela,Hugh Welchman
Pride,2014,119 min,"Biography, Comedy, Drama",7.8,Matthew Warchus,Bill Nighy
Le passé,2013,130 min,"Drama, Mystery",7.8,Asghar Farhadi,Bérénice Bejo
La grande bellezza,2013,141 min,Drama,7.8,Paolo Sorrentino,Toni Servillo
The Lunchbox,2013,104 min,"Drama, Romance",7.8,Ritesh Batra,Irrfan Khan
Vicky Donor,2012,126 min,"Comedy, Romance",7.8,Shoojit Sircar,Ayushmann Khurrana
Big Hero 6,2014,102 min,"Animation, Action, Adventure",7.8,Don Hall,Chris Williams
About Time,2013,123 min,"Comedy, Drama, Fantasy",7.8,Richard Curtis,Domhnall Gleeson
English Vinglish,2012,134 min,"Comedy, Drama, Family",7.8,Gauri Shinde,Sridevi
Kaze tachinu,2013,126 min,"Animation, Biography, Drama",7.8,Hayao Miyazaki,Hideaki Anno
Toy Story 4,2019,100 min,"Animation, Adventure, Comedy",7.8,Josh Cooley,Tom Hanks
La migliore offerta,2013,131 min,"Crime, Drama, Mystery",7.8,Giuseppe Tornatore,Geoffrey Rush
Moonrise Kingdom,2012,94 min,"Comedy, Drama, Romance",7.8,Wes Anderson,Jared Gilman
How to Train Your Dragon 2,2014,102 min,"Animation, Action, Adventure",7.8,Dean DeBlois,Jay Baruchel
The Big Short,2015,130 min,"Biography, Comedy, Drama",7.8,Adam McKay,Christian Bale
Kokuhaku,2010,106 min,"Drama, Thriller",7.8,Tetsuya Nakashima,Takako Matsu
Ang-ma-reul bo-at-da,2010,144 min,"Action, Crime, Drama",7.8,Jee-woon Kim,Lee Byung-Hun
The Girl with the Dragon Tattoo,2011,158 min,"Crime, Drama, Mystery",7.8,David Fincher,Daniel Craig
Captain Phillips,2013,134 min,"Adventure, Biography, Crime",7.8,Paul Greengrass,Tom Hanks
Ajeossi,2010,119 min,"Action, Crime, Drama",7.8,Jeong-beom Lee,Won Bin
Straight Outta Compton,2015,147 min,"Biography, Drama, History",7.8,F. Gary Gray,O'Shea Jackson Jr.
Madeo,2009,129 min,"Crime, Drama, Mystery",7.8,Bong Joon Ho,Hye-ja Kim
Chugyeokja,2008,125 min,"Action, Crime, Thriller",7.8,Hong-jin Na,Kim Yoon-seok
The Hobbit: The Desolation of Smaug,2013,161 min,"Adventure, Fantasy",7.8,Peter Jackson,Ian McKellen
Das weiße Band - Eine deutsche Kindergeschichte,2009,144 min,"Drama, History, Mystery",7.8,Michael Haneke,Christian Friedel
Män som hatar kvinnor,2009,152 min,"Crime, Drama, Mystery",7.8,Niels Arden Oplev,Michael Nyqvist
The Trial of the Chicago 7,2020,129 min,"Drama, History, Thriller",7.8,Aaron Sorkin,Eddie Redmayne
Druk,2020,117 min,"Comedy, Drama",7.8,Thomas Vinterberg,Mads Mikkelsen
The Fighter,2010,116 min,"Biography, Drama, Sport",7.8,David O. Russell,Mark Wahlberg
Taken,2008,90 min,"Action, Thriller",7.8,Pierre Morel,Liam Neeson
The Boy in the Striped Pyjamas,2008,94 min,"Drama, History, War",7.8,Mark Herman,Asa Butterfield
Once,2007,86 min,"Drama, Music, Romance",7.8,John Carney,Glen Hansard
The Hobbit: An Unexpected Journey,2012,169 min,"Adventure, Fantasy",7.8,Peter Jackson,Martin Freeman
Auf der anderen Seite,2007,122 min,Drama,7.8,Fatih Akin,Baki Davrak
Atonement,2007,123 min,"Drama, Mystery, Romance",7.8,Joe Wright,Keira Knightley
Drive,2011,100 min,"Crime, Drama",7.8,Nicolas Winding Refn,Ryan Gosling
American Gangster,2007,157 min,"Biography, Crime, Drama",7.8,Ridley Scott,Denzel Washington
Avatar,2009,162 min,"Action, Adventure, Fantasy",7.8,James Cameron,Sam Worthington
Mr. Nobody,2009,141 min,"Drama, Fantasy, Romance",7.8,Jaco Van Dormael,Jared Leto
Apocalypto,2006,139 min,"Action, Adventure, Drama",7.8,Mel Gibson,Gerardo Taracena
Little Miss Sunshine,2006,101 min,"Comedy, Drama",7.8,Jonathan Dayton,Valerie Faris
Hot Fuzz,2007,121 min,"Action, Comedy, Mystery",7.8,Edgar Wright,Simon Pegg
The Curious Case of Benjamin Button,2008,166 min,"Drama, Fantasy, Romance",7.8,David Fincher,Brad Pitt
Veer-Zaara,2004,192 min,"Drama, Family, Musical",7.8,Yash Chopra,Shah Rukh Khan
Adams æbler,2005,94 min,"Comedy, Crime, Drama",7.8,Anders Thomas Jensen,Ulrich Thomsen
Pride & Prejudice,2005,129 min,"Drama, Romance",7.8,Joe Wright,Keira Knightley
The World's Fastest Indian,2005,127 min,"Biography, Drama, Sport",7.8,Roger Donaldson,Anthony Hopkins
Tôkyô goddofâzâzu,2003,90 min,"Animation, Adventure, Comedy",7.8,Satoshi Kon,Shôgo Furuya
Serenity,2005,119 min,"Action, Adventure, Sci-Fi",7.8,Joss Whedon,Nathan Fillion
Walk the Line,2005,136 min,"Biography, Drama, Music",7.8,James Mangold,Joaquin Phoenix
Ondskan,2003,113 min,Drama,7.8,Mikael Håfström,Andreas Wilson
The Notebook,2004,123 min,"Drama, Romance",7.8,Nick Cassavetes,Gena Rowlands
Diarios de motocicleta,2004,126 min,"Adventure, Biography, Drama",7.8,Walter Salles,Gael García Bernal
Lilja 4-ever,2002,109 min,"Crime, Drama",7.8,Lukas Moodysson,Oksana Akinshina
Les triplettes de Belleville,2003,80 min,"Animation, Comedy, Drama",7.8,Sylvain Chomet,Michèle Caucheteux
Gongdong gyeongbi guyeok JSA,2000,110 min,"Action, Drama, Thriller",7.8,Chan-wook Park,Lee Yeong-ae
The Count of Monte Cristo,2002,131 min,"Action, Adventure, Drama",7.8,Kevin Reynolds,Jim Caviezel
Waking Life,2001,99 min,"Animation, Drama, Fantasy",7.8,Richard Linklater,Ethan Hawke
Remember the Titans,2000,113 min,"Biography, Drama, Sport",7.8,Boaz Yakin,Denzel Washington
Wo hu cang long,2000,120 min,"Action, Adventure, Fantasy",7.8,Ang Lee,Yun-Fat Chow
Todo sobre mi madre,1999,101 min,Drama,7.8,Pedro Almodóvar,Cecilia Roth
Cast Away,2000,143 min,"Adventure, Drama, Romance",7.8,Robert Zemeckis,Tom Hanks
The Boondock Saints,1999,108 min,"Action, Crime, Thriller",7.8,Troy Duffy,Willem Dafoe
The Insider,1999,157 min,"Biography, Drama, Thriller",7.8,Michael Mann,Russell Crowe
October Sky,1999,108 min,"Biography, Drama, Family",7.8,Joe Johnston,Jake Gyllenhaal
Shrek,2001,90 min,"Animation, Adventure, Comedy",7.8,Andrew Adamson,Vicky Jenson
Titanic,1997,194 min,"Drama, Romance",7.8,James Cameron,Leonardo DiCaprio
Hana-bi,1997,103 min,"Crime, Drama, Romance",7.8,Takeshi Kitano,Takeshi Kitano
Gattaca,1997,106 min,"Drama, Sci-Fi, Thriller",7.8,Andrew Niccol,Ethan Hawke
The Game,1997,129 min,"Action, Drama, Mystery",7.8,David Fincher,Michael Douglas
Breaking the Waves,1996,159 min,Drama,7.8,Lars von Trier,Emily Watson
Ed Wood,1994,127 min,"Biography, Comedy, Drama",7.8,Tim Burton,Johnny Depp
What's Eating Gilbert Grape,1993,118 min,Drama,7.8,Lasse Hallström,Johnny Depp
Tombstone,1993,130 min,"Action, Biography, Drama",7.8,George P. Cosmatos,Kevin Jarre
The Sandlot,1993,101 min,"Comedy, Drama, Family",7.8,David Mickey Evans,Tom Guiry
The Remains of the Day,1993,134 min,"Drama, Romance",7.8,James Ivory,Anthony Hopkins
Naked,1993,132 min,"Comedy, Drama",7.8,Mike Leigh,David Thewlis
The Fugitive,1993,130 min,"Action, Crime, Drama",7.8,Andrew Davis,Harrison Ford
A Bronx Tale,1993,121 min,"Crime, Drama, Romance",7.8,Robert De Niro,Robert De Niro
Batman: Mask of the Phantasm,1993,76 min,"Animation, Action, Crime",7.8,Kevin Altieri,Boyd Kirkland
Lat sau san taam,1992,128 min,"Action, Crime, Thriller",7.8,John Woo,Yun-Fat Chow
Night on Earth,1991,129 min,"Comedy, Drama",7.8,Jim Jarmusch,Winona Ryder
La double vie de Véronique,1991,98 min,"Drama, Fantasy, Music",7.8,Krzysztof Kieslowski,Irène Jacob
Boyz n the Hood,1991,112 min,"Crime, Drama",7.8,John Singleton,Cuba Gooding Jr.
Misery,1990,107 min,"Drama, Thriller",7.8,Rob Reiner,James Caan
Awakenings,1990,121 min,"Biography, Drama",7.8,Penny Marshall,Robert De Niro
Majo no takkyûbin,1989,103 min,"Animation, Adventure, Drama",7.8,Hayao Miyazaki,Kirsten Dunst
Glory,1989,122 min,"Biography, Drama, History",7.8,Edward Zwick,Matthew Broderick
Dip huet seung hung,1989,111 min,"Action, Crime, Drama",7.8,John Woo,Yun-Fat Chow
Back to the Future Part II,1989,108 min,"Adventure, Comedy, Sci-Fi",7.8,Robert Zemeckis,Michael J. Fox
Mississippi Burning,1988,128 min,"Crime, Drama, History",7.8,Alan Parker,Gene Hackman
Predator,1987,107 min,"Action, Adventure, Sci-Fi",7.8,John McTiernan,Arnold Schwarzenegger
Evil Dead II,1987,84 min,"Action, Comedy, Fantasy",7.8,Sam Raimi,Bruce Campbell
Ferris Bueller's Day Off,1986,103 min,Comedy,7.8,John Hughes,Matthew Broderick
Down by Law,1986,107 min,"Comedy, Crime, Drama",7.8,Jim Jarmusch,Tom Waits
The Goonies,1985,114 min,"Adventure, Comedy, Family",7.8,Richard Donner,Sean Astin
The Color Purple,1985,154 min,Drama,7.8,Steven Spielberg,Danny Glover
The Breakfast Club,1985,97 min,"Comedy, Drama",7.8,John Hughes,Emilio Estevez
The Killing Fields,1984,141 min,"Biography, Drama, History",7.8,Roland Joffé,Sam Waterston
Ghostbusters,1984,105 min,"Action, Comedy, Fantasy",7.8,Ivan Reitman,Bill Murray
The Right Stuff,1983,193 min,"Adventure, Biography, Drama",7.8,Philip Kaufman,Sam Shepard
The King of Comedy,1982,109 min,"Comedy, Crime, Drama",7.8,Martin Scorsese,Robert De Niro
E.T. the Extra-Terrestrial,1982,115 min,"Family, Sci-Fi",7.8,Steven Spielberg,Henry Thomas
Kramer vs. Kramer,1979,105 min,Drama,7.8,Robert Benton,Dustin Hoffman
Days of Heaven,1978,94 min,"Drama, Romance",7.8,Terrence Malick,Richard Gere
The Outlaw Josey Wales,1976,135 min,Western,7.8,Clint Eastwood,Clint Eastwood
The Man Who Would Be King,1975,129 min,"Adventure, History, War",7.8,John Huston,Sean Connery
The Conversation,1974,113 min,"Drama, Mystery, Thriller",7.8,Francis Ford Coppola,Gene Hackman
La planète sauvage,1973,72 min,"Animation, Sci-Fi",7.8,René Laloux,Barry Bostwick
The Day of the Jackal,1973,143 min,"Crime, Drama, Thriller",7.8,Fred Zinnemann,Edward Fox
Badlands,1973,94 min,"Action, Crime, Drama",7.8,Terrence Malick,Martin Sheen
Cabaret,1972,124 min,"Drama, Music, Musical",7.8,Bob Fosse,Liza Minnelli
Willy Wonka & the Chocolate Factory,1971,100 min,"Family, Fantasy, Musical",7.8,Mel Stuart,Gene Wilder
Midnight Cowboy,1969,113 min,Drama,7.8,John Schlesinger,Dustin Hoffman
Wait Until Dark,1967,108 min,Thriller,7.8,Terence Young,Audrey Hepburn
Guess Who's Coming to Dinner,1967,108 min,"Comedy, Drama",7.8,Stanley Kramer,Spencer Tracy
Bonnie and Clyde,1967,111 min,"Action, Biography, Crime",7.8,Arthur Penn,Warren Beatty
My Fair Lady,1964,170 min,"Drama, Family, Musical",7.8,George Cukor,Audrey Hepburn
Mary Poppins,1964,139 min,"Comedy, Family, Fantasy",7.8,Robert Stevenson,Julie Andrews
The Longest Day,1962,178 min,"Action, Drama, History",7.8,Ken Annakin,Andrew Marton
Jules et Jim,1962,105 min,"Drama, Romance",7.8,François Truffaut,Jeanne Moreau
The Innocents,1961,100 min,Horror,7.8,Jack Clayton,Deborah Kerr
À bout de souffle,1960,90 min,"Crime, Drama",7.8,Jean-Luc Godard,Jean-Paul Belmondo
Red River,1948,133 min,"Action, Adventure, Drama",7.8,Howard Hawks,Arthur Rosson
Key Largo,1948,100 min,"Action, Crime, Drama",7.8,John Huston,Humphrey Bogart
To Have and Have Not,1944,100 min,"Adventure, Comedy, Film-Noir",7.8,Howard Hawks,Humphrey Bogart
Shadow of a Doubt,1943,108 min,"Film-Noir, Thriller",7.8,Alfred Hitchcock,Teresa Wright
Stagecoach,1939,96 min,"Adventure, Drama, Western",7.8,John Ford,John Wayne
The Lady Vanishes,1938,96 min,"Mystery, Thriller",7.8,Alfred Hitchcock,Margaret Lockwood
Bringing Up Baby,1938,102 min,"Comedy, Family, Romance",7.8,Howard Hawks,Katharine Hepburn
Bride of Frankenstein,1935,75 min,"Drama, Horror, Sci-Fi",7.8,James Whale,Boris Karloff
Duck Soup,1933,69 min,"Comedy, Musical, War",7.8,Leo McCarey,Groucho Marx
Scarface: The Shame of the Nation,1932,93 min,"Action, Crime, Drama",7.8,Howard Hawks,Richard Rosson
Frankenstein,1931,70 min,"Drama, Horror, Sci-Fi",7.8,James Whale,Colin Clive
Roma,2018,135 min,Drama,7.7,Alfonso Cuarón,Yalitza Aparicio
God's Own Country,2017,104 min,"Drama, Romance",7.7,Francis Lee,Josh O'Connor
Deadpool 2,2018,119 min,"Action, Adventure, Comedy",7.7,David Leitch,Ryan Reynolds
Wind River,2017,107 min,"Crime, Drama, Mystery",7.7,Taylor Sheridan,Kelsey Asbille
Get Out,2017,104 min,"Horror, Mystery, Thriller",7.7,Jordan Peele,Daniel Kaluuya
Mission: Impossible - Fallout,2018,147 min,"Action, Adventure, Thriller",7.7,Christopher McQuarrie,Tom Cruise
En man som heter Ove,2015,116 min,"Comedy, Drama, Romance",7.7,Hannes Holm,Rolf Lassgård
What We Do in the Shadows,2014,86 min,"Comedy, Horror",7.7,Jemaine Clement,Taika Waititi
Omoide no Mânî,2014,103 min,"Animation, Drama, Family",7.7,James Simone,Hiromasa Yonebayashi
The Theory of Everything,2014,123 min,"Biography, Drama, Romance",7.7,James Marsh,Eddie Redmayne
Kingsman: The Secret Service,2014,129 min,"Action, Adventure, Comedy",7.7,Matthew Vaughn,Colin Firth
The Fault in Our Stars,2014,126 min,"Drama, Romance",7.7,Josh Boone,Shailene Woodley
Me and Earl and the Dying Girl,2015,105 min,"Comedy, Drama",7.7,Alfonso Gomez-Rejon,Thomas Mann
Birdman or (The Unexpected Virtue of Ignorance),2014,119 min,"Comedy, Drama",7.7,Alejandro G. Iñárritu,Michael Keaton
La vie d'Adèle,2013,180 min,"Drama, Romance",7.7,Abdellatif Kechiche,Léa Seydoux
Kai po che!,2013,130 min,"Drama, Sport",7.7,Abhishek Kapoor,Amit Sadh
The Broken Circle Breakdown,2012,111 min,"Drama, Music, Romance",7.7,Felix van Groeningen,Veerle Baetens
Captain America: The Winter Soldier,2014,136 min,"Action, Adventure, Sci-Fi",7.7,Anthony Russo,Joe Russo
Rockstar,2011,159 min,"Drama, Music, Musical",7.7,Imtiaz Ali,Ranbir Kapoor
Nebraska,2013,115 min,"Adventure, Comedy, Drama",7.7,Alexander Payne,Bruce Dern
Wreck-It Ralph,2012,101 min,"Animation, Adventure, Comedy",7.7,Rich Moore,John C. Reilly
Le Petit Prince,2015,108 min,"Animation, Adventure, Drama",7.7,Mark Osborne,Jeff Bridges
Detachment,2011,98 min,Drama,7.7,Tony Kaye,Adrien Brody
Midnight in Paris,2011,96 min,"Comedy, Fantasy, Romance",7.7,Woody Allen,Owen Wilson
The Lego Movie,2014,100 min,"Animation, Action, Adventure",7.7,Christopher Miller,Phil Lord
Gravity,2013,91 min,"Drama, Sci-Fi, Thriller",7.7,Alfonso Cuarón,Sandra Bullock
Star Trek Into Darkness,2013,132 min,"Action, Adventure, Sci-Fi",7.7,J.J. Abrams,Chris Pine
Beasts of No Nation,2015,137 min,"Drama, War",7.7,Cary Joji Fukunaga,Abraham Attah
The Social Network,2010,120 min,"Biography, Drama",7.7,David Fincher,Jesse Eisenberg
X: First Class,2011,131 min,"Action, Adventure, Sci-Fi",7.7,Matthew Vaughn,James McAvoy
The Hangover,2009,100 min,Comedy,7.7,Todd Phillips,Zach Galifianakis
Skyfall,2012,143 min,"Action, Adventure, Thriller",7.7,Sam Mendes,Daniel Craig
Silver Linings Playbook,2012,122 min,"Comedy, Drama, Romance",7.7,David O. Russell,Bradley Cooper
Argo,2012,120 min,"Biography, Drama, Thriller",7.7,Ben Affleck,Ben Affleck
(500) Days of Summer,2009,95 min,"Comedy, Drama, Romance",7.7,Marc Webb,Zooey Deschanel
Harry Potter and the Deathly Hallows: Part 1,2010,146 min,"Adventure, Family, Fantasy",7.7,David Yates,Daniel Radcliffe
Gake no ue no Ponyo,2008,101 min,"Animation, Adventure, Comedy",7.7,Hayao Miyazaki,Cate Blanchett
Frost/Nixon,2008,122 min,"Biography, Drama, History",7.7,Ron Howard,Frank Langella
Papurika,2006,90 min,"Animation, Drama, Fantasy",7.7,Satoshi Kon,Megumi Hayashibara
Changeling,2008,141 min,"Biography, Crime, Drama",7.7,Clint Eastwood,Angelina Jolie
Flipped,2010,90 min,"Comedy, Drama, Romance",7.7,Rob Reiner,Madeline Carroll
Toki o kakeru shôjo,2006,98 min,"Animation, Adventure, Comedy",7.7,Mamoru Hosoda,Riisa Naka
Death Note: Desu nôto,2006,126 min,"Crime, Drama, Fantasy",7.7,Shûsuke Kaneko,Tatsuya Fujiwara
This Is England,2006,101 min,"Crime, Drama",7.7,Shane Meadows,Thomas Turgoose
Ex Machina,2014,108 min,"Drama, Sci-Fi, Thriller",7.7,Alex Garland,Alicia Vikander
Efter brylluppet,2006,120 min,Drama,7.7,Susanne Bier,Mads Mikkelsen
The Last King of Scotland,2006,123 min,"Biography, Drama, History",7.7,Kevin Macdonald,James McAvoy
Zodiac,2007,157 min,"Crime, Drama, Mystery",7.7,David Fincher,Jake Gyllenhaal
Lucky Number Slevin,2006,110 min,"Action, Crime, Drama",7.7,Paul McGuigan,Josh Hartnett
Joyeux Noël,2005,116 min,"Drama, History, Music",7.7,Christian Carion,Diane Kruger
Control,2007,122 min,"Biography, Drama, Music",7.7,Anton Corbijn,Sam Riley
Tangled,2010,100 min,"Animation, Adventure, Comedy",7.7,Nathan Greno,Byron Howard
Zwartboek,2006,145 min,"Drama, Thriller, War",7.7,Paul Verhoeven,Carice van Houten
Brokeback Mountain,2005,134 min,"Drama, Romance",7.7,Ang Lee,Jake Gyllenhaal
3:10 to Yuma,2007,122 min,"Action, Crime, Drama",7.7,James Mangold,Russell Crowe
Crash,2004,112 min,"Crime, Drama, Thriller",7.7,Paul Haggis,Don Cheadle
Kung fu,2004,99 min,"Action, Comedy, Fantasy",7.7,Stephen Chow,Stephen Chow
The Bourne Supremacy,2004,108 min,"Action, Mystery, Thriller",7.7,Paul Greengrass,Matt Damon
The Machinist,2004,101 min,"Drama, Thriller",7.7,Brad Anderson,Christian Bale
Ray,2004,152 min,"Biography, Drama, Music",7.7,Taylor Hackford,Jamie Foxx
Lost in Translation,2003,102 min,"Comedy, Drama",7.7,Sofia Coppola,Bill Murray
Harry Potter and the Goblet of Fire,2005,157 min,"Adventure, Family, Fantasy",7.7,Mike Newell,Daniel Radcliffe
Man on Fire,2004,146 min,"Action, Crime, Drama",7.7,Tony Scott,Denzel Washington
Coraline,2009,100 min,"Animation, Drama, Family",7.7,Henry Selick,Dakota Fanning
The Last Samurai,2003,154 min,"Action, Drama",7.7,Edward Zwick,Tom Cruise
The Magdalene Sisters,2002,114 min,Drama,7.7,Peter Mullan,Eileen Walsh
Good Bye Lenin!,2003,121 min,"Comedy, Drama, Romance",7.7,Wolfgang Becker,Daniel Brühl
In America,2002,105 min,Drama,7.7,Jim Sheridan,Paddy Considine
I Am Sam,2001,132 min,Drama,7.7,Jessie Nelson,Sean Penn
Adaptation.,2002,115 min,"Comedy, Drama",7.7,Spike Jonze,Nicolas Cage
Black Hawk Down,2001,144 min,"Drama, History, War",7.7,Ridley Scott,Josh Hartnett
Road to Perdition,2002,117 min,"Crime, Drama, Thriller",7.7,Sam Mendes,Tom Hanks
Das Experiment,2001,120 min,"Drama, Thriller",7.7,Oliver Hirschbiegel,Moritz Bleibtreu
Billy Elliot,2000,110 min,"Drama, Music",7.7,Stephen Daldry,Jamie Bell
Hedwig and the Angry Inch,2001,95 min,"Comedy, Drama, Music",7.7,John Cameron Mitchell,John Cameron Mitchell
Ocean's Eleven,2001,116 min,"Crime, Thriller",7.7,Steven Soderbergh,George Clooney
Vampire Hunter D: Bloodlust,2000,103 min,"Animation, Action, Fantasy",7.7,Yoshiaki Kawajiri,Andrew Philpot
"O Brother, Where Art Thou?",2000,107 min,"Adventure, Comedy, Crime",7.7,Joel Coen,Ethan Coen
Interstate 60: Episodes of the Road,2002,116 min,"Adventure, Comedy, Drama",7.7,Bob Gale,James Marsden
"South Park: Bigger, Longer & Uncut",1999,81 min,"Animation, Comedy, Fantasy",7.7,Trey Parker,Trey Parker
Office Space,1999,89 min,Comedy,7.7,Mike Judge,Ron Livingston
Happiness,1998,134 min,"Comedy, Drama",7.7,Todd Solondz,Jane Adams
Training Day,2001,122 min,"Crime, Drama, Thriller",7.7,Antoine Fuqua,Denzel Washington
Rushmore,1998,93 min,"Comedy, Drama, Romance",7.7,Wes Anderson,Jason Schwartzman
Abre los ojos,1997,119 min,"Drama, Mystery, Sci-Fi",7.7,Alejandro Amenábar,Eduardo Noriega
Being John Malkovich,1999,113 min,"Comedy, Drama, Fantasy",7.7,Spike Jonze,John Cusack
As Good as It Gets,1997,139 min,"Comedy, Drama, Romance",7.7,James L. Brooks,Jack Nicholson
The Fifth Element,1997,126 min,"Action, Adventure, Sci-Fi",7.7,Luc Besson,Bruce Willis
Le dîner de cons,1998,80 min,Comedy,7.7,Francis Veber,Thierry Lhermitte
Donnie Brasco,1997,127 min,"Biography, Crime, Drama",7.7,Mike Newell,Al Pacino
Shine,1996,105 min,"Biography, Drama, Music",7.7,Scott Hicks,Geoffrey Rush
Primal Fear,1996,129 min,"Crime, Drama, Mystery",7.7,Gregory Hoblit,Richard Gere
Hamlet,1996,242 min,Drama,7.7,Kenneth Branagh,Kenneth Branagh
A Little Princess,1995,97 min,"Drama, Family, Fantasy",7.7,Alfonso Cuarón,Liesel Matthews
Do lok tin si,1995,99 min,"Comedy, Crime, Drama",7.7,Kar-Wai Wong,Leon Lai
Il postino,1994,108 min,"Biography, Comedy, Drama",7.7,Michael Radford,Massimo Troisi
Clerks,1994,92 min,Comedy,7.7,Kevin Smith,Brian O'Halloran
Short Cuts,1993,188 min,"Comedy, Drama",7.7,Robert Altman,Andie MacDowell
Philadelphia,1993,125 min,Drama,7.7,Jonathan Demme,Tom Hanks
The Muppet Christmas Carol,1992,85 min,"Comedy, Drama, Family",7.7,Brian Henson,Michael Caine
Malcolm X,1992,202 min,"Biography, Drama, History",7.7,Spike Lee,Denzel Washington
The Last of the Mohicans,1992,112 min,"Action, Adventure, Drama",7.7,Michael Mann,Daniel Day-Lewis
Kurenai no buta,1992,94 min,"Animation, Adventure, Comedy",7.7,Hayao Miyazaki,Shûichirô Moriyama
Glengarry Glen Ross,1992,100 min,"Crime, Drama, Mystery",7.7,James Foley,Al Pacino
A Few Good Men,1992,138 min,"Drama, Thriller",7.7,Rob Reiner,Tom Cruise
Fried Green Tomatoes,1991,130 min,Drama,7.7,Jon Avnet,Kathy Bates
Barton Fink,1991,116 min,"Comedy, Drama, Thriller",7.7,Joel Coen,Ethan Coen
Miller's Crossing,1990,115 min,"Crime, Drama, Thriller",7.7,Joel Coen,Ethan Coen
Who Framed Roger Rabbit,1988,104 min,"Animation, Adventure, Comedy",7.7,Robert Zemeckis,Bob Hoskins
Spoorloos,1988,107 min,"Mystery, Thriller",7.7,George Sluizer,Bernard-Pierre Donnadieu
Withnail & I,1987,107 min,"Comedy, Drama",7.7,Bruce Robinson,Richard E. Grant
The Last Emperor,1987,163 min,"Biography, Drama, History",7.7,Bernardo Bertolucci,John Lone
Empire of the Sun,1987,153 min,"Action, Drama, History",7.7,Steven Spielberg,Christian Bale
Der Name der Rose,1986,130 min,"Crime, Drama, Mystery",7.7,Jean-Jacques Annaud,Sean Connery
Blue Velvet,1986,120 min,"Drama, Mystery, Thriller",7.7,David Lynch,Isabella Rossellini
The Purple Rose of Cairo,1985,82 min,"Comedy, Fantasy, Romance",7.7,Woody Allen,Mia Farrow
After Hours,1985,97 min,"Comedy, Crime, Drama",7.7,Martin Scorsese,Griffin Dunne
Zelig,1983,79 min,Comedy,7.7,Woody Allen,Woody Allen
The Verdict,1982,129 min,Drama,7.7,Sidney Lumet,Paul Newman
Star Trek II: The Wrath of Khan,1982,113 min,"Action, Adventure, Sci-Fi",7.7,Nicholas Meyer,William Shatner
First Blood,1982,93 min,"Action, Adventure",7.7,Ted Kotcheff,Sylvester Stallone
Ordinary People,1980,124 min,Drama,7.7,Robert Redford,Donald Sutherland
Airplane!,1980,88 min,Comedy,7.7,Jim Abrahams,David Zucker
Rupan sansei: Kariosutoro no shiro,1979,100 min,"Animation, Adventure, Family",7.7,Hayao Miyazaki,Yasuo Yamada
Halloween,1978,91 min,"Horror, Thriller",7.7,John Carpenter,Donald Pleasence
Le locataire,1976,126 min,"Drama, Thriller",7.7,Roman Polanski,Roman Polanski
Love and Death,1975,85 min,"Comedy, War",7.7,Woody Allen,Woody Allen
The Taking of Pelham One Two Three,1974,104 min,"Action, Crime, Thriller",7.7,Joseph Sargent,Walter Matthau
Blazing Saddles,1974,93 min,"Comedy, Western",7.7,Mel Brooks,Cleavon Little
Serpico,1973,130 min,"Biography, Crime, Drama",7.7,Sidney Lumet,Al Pacino
Enter the Dragon,1973,102 min,"Action, Crime, Drama",7.7,Robert Clouse,Bruce Lee
Deliverance,1972,109 min,"Adventure, Drama, Thriller",7.7,John Boorman,Jon Voight
The French Connection,1971,104 min,"Action, Crime, Drama",7.7,William Friedkin,Gene Hackman
Dirty Harry,1971,102 min,"Action, Crime, Thriller",7.7,Don Siegel,Clint Eastwood
Where Eagles Dare,1968,158 min,"Action, Adventure, War",7.7,Brian G. Hutton,Richard Burton
The Odd Couple,1968,105 min,Comedy,7.7,Gene Saks,Jack Lemmon
The Dirty Dozen,1967,150 min,"Action, Adventure, War",7.7,Robert Aldrich,Lee Marvin
Belle de jour,1967,100 min,"Drama, Romance",7.7,Luis Buñuel,Catherine Deneuve
A Man for All Seasons,1966,120 min,"Biography, Drama, History",7.7,Fred Zinnemann,Paul Scofield
Repulsion,1965,105 min,"Drama, Horror, Thriller",7.7,Roman Polanski,Catherine Deneuve
Zulu,1964,138 min,"Drama, History, War",7.7,Cy Endfield,Stanley Baker
Goldfinger,1964,110 min,"Action, Adventure, Thriller",7.7,Guy Hamilton,Sean Connery
The Birds,1963,119 min,"Drama, Horror, Mystery",7.7,Alfred Hitchcock,Rod Taylor
Cape Fear,1962,106 min,"Drama, Thriller",7.7,J. Lee Thompson,Gregory Peck
Peeping Tom,1960,101 min,"Drama, Horror, Thriller",7.7,Michael Powell,Karlheinz Böhm
The Magnificent Seven,1960,128 min,"Action, Adventure, Western",7.7,John Sturges,Yul Brynner
Les yeux sans visage,1960,90 min,"Drama, Horror",7.7,Georges Franju,Pierre Brasseur
Invasion of the Body Snatchers,1956,80 min,"Drama, Horror, Sci-Fi",7.7,Don Siegel,Kevin McCarthy
Rebel Without a Cause,1955,111 min,Drama,7.7,Nicholas Ray,James Dean
The Ladykillers,1955,91 min,"Comedy, Crime",7.7,Alexander Mackendrick,Alec Guinness
Sabrina,1954,113 min,"Comedy, Drama, Romance",7.7,Billy Wilder,Humphrey Bogart
The Quiet Man,1952,129 min,"Comedy, Drama, Romance",7.7,John Ford,John Wayne
The Day the Earth Stood Still,1951,92 min,"Drama, Sci-Fi",7.7,Robert Wise,Michael Rennie
The African Queen,1951,105 min,"Adventure, Drama, Romance",7.7,John Huston,Humphrey Bogart
Gilda,1946,110 min,"Drama, Film-Noir, Romance",7.7,Charles Vidor,Rita Hayworth
Fantasia,1940,125 min,"Animation, Family, Fantasy",7.7,James Algar,Samuel Armstrong
The Invisible Man,1933,71 min,"Horror, Sci-Fi",7.7,James Whale,Claude Rains
Dark Waters,2019,126 min,"Biography, Drama, History",7.6,Todd Haynes,Mark Ruffalo
Searching,2018,102 min,"Drama, Mystery, Thriller",7.6,Aneesh Chaganty,John Cho
Once Upon a Time... in Hollywood,2019,161 min,"Comedy, Drama",7.6,Quentin Tarantino,Leonardo DiCaprio
Nelyubov,2017,127 min,Drama,7.6,Andrey Zvyagintsev,Maryana Spivak
The Florida Project,2017,111 min,Drama,7.6,Sean Baker,Brooklynn Prince
Just Mercy,2019,137 min,"Biography, Crime, Drama",7.6,Destin Daniel Cretton,Michael B. Jordan
Gifted,2017,101 min,Drama,7.6,Marc Webb,Chris Evans
The Peanut Butter Falcon,2019,97 min,"Adventure, Comedy, Drama",7.6,Tyler Nilson,Michael Schwartz
Victoria,2015,138 min,"Crime, Drama, Romance",7.6,Sebastian Schipper,Laia Costa
Mustang,2015,97 min,Drama,7.6,Deniz Gamze Ergüven,Günes Sensoy
Guardians of the Galaxy Vol. 2,2017,136 min,"Action, Adventure, Comedy",7.6,James Gunn,Chris Pratt
Baby Driver,2017,113 min,"Action, Crime, Drama",7.6,Edgar Wright,Ansel Elgort
Only the Brave,2017,134 min,"Action, Biography, Drama",7.6,Joseph Kosinski,Josh Brolin
Bridge of Spies,2015,142 min,"Drama, History, Thriller",7.6,Steven Spielberg,Tom Hanks
Incredibles 2,2018,118 min,"Animation, Action, Adventure",7.6,Brad Bird,Craig T. Nelson
Moana,2016,107 min,"Animation, Adventure, Comedy",7.6,Ron Clements,John Musker
Sicario,2015,121 min,"Action, Crime, Drama",7.6,Denis Villeneuve,Emily Blunt
Creed,2015,133 min,"Drama, Sport",7.6,Ryan Coogler,Michael B. Jordan
Leviafan,2014,140 min,"Crime, Drama",7.6,Andrey Zvyagintsev,Aleksey Serebryakov
Hell or High Water,2016,102 min,"Action, Crime, Drama",7.6,David Mackenzie,Chris Pine
Philomena,2013,98 min,"Biography, Comedy, Drama",7.6,Stephen Frears,Judi Dench
Dawn of the Planet of the Apes,2014,130 min,"Action, Adventure, Drama",7.6,Matt Reeves,Gary Oldman
El cuerpo,2012,112 min,"Mystery, Thriller",7.6,Oriol Paulo,Jose Coronado
Serbuan maut,2011,101 min,"Action, Thriller",7.6,Gareth Evans,Iko Uwais
End of Watch,2012,109 min,"Action, Crime, Drama",7.6,David Ayer,Jake Gyllenhaal
Kari-gurashi no Arietti,2010,94 min,"Animation, Adventure, Family",7.6,Hiromasa Yonebayashi,Amy Poehler
A Star Is Born,2018,136 min,"Drama, Music, Romance",7.6,Bradley Cooper,Lady Gaga
True Grit,2010,110 min,"Drama, Western",7.6,Ethan Coen,Joel Coen
Hævnen,2010,118 min,"Drama, Romance",7.6,Susanne Bier,Mikael Persbrandt
Despicable Me,2010,95 min,"Animation, Comedy, Crime",7.6,Pierre Coffin,Chris Renaud
50/50,2011,100 min,"Comedy, Drama, Romance",7.6,Jonathan Levine,Joseph Gordon-Levitt
Kick-Ass,2010,117 min,"Action, Comedy, Crime",7.6,Matthew Vaughn,Aaron Taylor-Johnson
Celda 211,2009,113 min,"Action, Adventure, Crime",7.6,Daniel Monzón,Luis Tosar
Moneyball,2011,133 min,"Biography, Drama, Sport",7.6,Bennett Miller,Brad Pitt
La piel que habito,2011,120 min,"Drama, Horror, Thriller",7.6,Pedro Almodóvar,Antonio Banderas
Zombieland,2009,88 min,"Adventure, Comedy, Fantasy",7.6,Ruben Fleischer,Jesse Eisenberg
Die Welle,2008,107 min,"Drama, Thriller",7.6,Dennis Gansel,Jürgen Vogel
Sherlock Holmes,2009,128 min,"Action, Adventure, Mystery",7.6,Guy Ritchie,Robert Downey Jr.
The Blind Side,2009,129 min,"Biography, Drama, Sport",7.6,John Lee Hancock,Quinton Aaron
The Visitor,2007,104 min,Drama,7.6,Tom McCarthy,Richard Jenkins
Seven Pounds,2008,123 min,Drama,7.6,Gabriele Muccino,Will Smith
Eastern Promises,2007,100 min,"Action, Crime, Drama",7.6,David Cronenberg,Naomi Watts
Stardust,2007,127 min,"Adventure, Family, Fantasy",7.6,Matthew Vaughn,Charlie Cox
The Secret of Kells,2009,71 min,"Animation, Adventure, Family",7.6,Tomm Moore,Nora Twomey
Inside Man,2006,129 min,"Crime, Drama, Mystery",7.6,Spike Lee,Denzel Washington
Gone Baby Gone,2007,114 min,"Crime, Drama, Mystery",7.6,Ben Affleck,Morgan Freeman
La Vie En Rose,2007,140 min,"Biography, Drama, Music",7.6,Olivier Dahan,Marion Cotillard
Huo Yuan Jia,2006,104 min,"Action, Biography, Drama",7.6,Ronny Yu,Jet Li
The Illusionist,2006,110 min,"Drama, Fantasy, Mystery",7.6,Neil Burger,Edward Norton
Dead Man's Shoes,2004,90 min,"Crime, Drama, Thriller",7.6,Shane Meadows,Paddy Considine
Harry Potter and the Half-Blood Prince,2009,153 min,"Action, Adventure, Family",7.6,David Yates,Daniel Radcliffe
300,2006,117 min,"Action, Drama",7.6,Zack Snyder,Gerard Butler
Match Point,2005,124 min,"Drama, Romance, Thriller",7.6,Woody Allen,Scarlett Johansson
Watchmen,2009,162 min,"Action, Drama, Mystery",7.6,Zack Snyder,Jackie Earle Haley
Lord of War,2005,122 min,"Action, Crime, Drama",7.6,Andrew Niccol,Nicolas Cage
Saw,2004,103 min,"Horror, Mystery, Thriller",7.6,James Wan,Cary Elwes
"Synecdoche, New York",2008,124 min,Drama,7.6,Charlie Kaufman,Philip Seymour Hoffman
Mysterious Skin,2004,105 min,Drama,7.6,Gregg Araki,Brady Corbet
Jeux d'enfants,2003,93 min,"Comedy, Drama, Romance",7.6,Yann Samuell,Guillaume Canet
Un long dimanche de fiançailles,2004,133 min,"Drama, Mystery, Romance",7.6,Jean-Pierre Jeunet,Audrey Tautou
The Station Agent,2003,89 min,"Comedy, Drama",7.6,Tom McCarthy,Peter Dinklage
21 Grams,2003,124 min,"Crime, Drama, Thriller",7.6,Alejandro G. Iñárritu,Sean Penn
Boksuneun naui geot,2002,129 min,"Crime, Drama, Thriller",7.6,Chan-wook Park,Kang-ho Song
Finding Neverland,2004,106 min,"Biography, Drama, Family",7.6,Marc Forster,Johnny Depp
25th Hour,2002,135 min,Drama,7.6,Spike Lee,Edward Norton
The Butterfly Effect,2004,113 min,"Drama, Sci-Fi, Thriller",7.6,Eric Bress,J. Mackye Gruber
28 Days Later...,2002,113 min,"Drama, Horror, Sci-Fi",7.6,Danny Boyle,Cillian Murphy
Batoru rowaiaru,2000,114 min,"Action, Adventure, Drama",7.6,Kinji Fukasaku,Tatsuya Fujiwara
The Royal Tenenbaums,2001,110 min,"Comedy, Drama",7.6,Wes Anderson,Gene Hackman
Y tu mamá también,2001,106 min,Drama,7.6,Alfonso Cuarón,Maribel Verdú
Harry Potter and the Sorcerer's Stone,2001,152 min,"Adventure, Family, Fantasy",7.6,Chris Columbus,Daniel Radcliffe
The Others,2001,101 min,"Horror, Mystery, Thriller",7.6,Alejandro Amenábar,Nicole Kidman
Blow,2001,124 min,"Biography, Crime, Drama",7.6,Ted Demme,Johnny Depp
Enemy at the Gates,2001,131 min,"Drama, History, War",7.6,Jean-Jacques Annaud,Jude Law
Minority Report,2002,145 min,"Action, Crime, Mystery",7.6,Steven Spielberg,Tom Cruise
The Hurricane,1999,146 min,"Biography, Drama, Sport",7.6,Norman Jewison,Denzel Washington
American Psycho,2000,101 min,"Comedy, Crime, Drama",7.6,Mary Harron,Christian Bale
Lola rennt,1998,81 min,"Crime, Drama, Thriller",7.6,Tom Tykwer,Franka Potente
The Thin Red Line,1998,170 min,"Drama, War",7.6,Terrence Malick,Jim Caviezel
Mulan,1998,88 min,"Animation, Adventure, Family",7.6,Tony Bancroft,Barry Cook
Fear and Loathing in Las Vegas,1998,118 min,"Adventure, Comedy, Drama",7.6,Terry Gilliam,Johnny Depp
Funny Games,1997,108 min,"Crime, Drama, Thriller",7.6,Michael Haneke,Susanne Lothar
Dark City,1998,100 min,"Mystery, Sci-Fi, Thriller",7.6,Alex Proyas,Rufus Sewell
Sleepers,1996,147 min,"Crime, Drama, Thriller",7.6,Barry Levinson,Robert De Niro
Lost Highway,1997,134 min,"Mystery, Thriller",7.6,David Lynch,Bill Pullman
Sense and Sensibility,1995,136 min,"Drama, Romance",7.6,Ang Lee,Emma Thompson
Die Hard: With a Vengeance,1995,128 min,"Action, Adventure, Thriller",7.6,John McTiernan,Bruce Willis
Dead Man,1995,121 min,"Adventure, Drama, Fantasy",7.6,Jim Jarmusch,Johnny Depp
The Bridges of Madison County,1995,135 min,"Drama, Romance",7.6,Clint Eastwood,Clint Eastwood
Apollo 13,PG,140 min,"Adventure, Drama, History",7.6,Ron Howard,Tom Hanks
Trois couleurs: Blanc,1994,92 min,"Comedy, Drama, Romance",7.6,Krzysztof Kieslowski,Zbigniew Zamachowski
Falling Down,1993,113 min,"Action, Crime, Drama",7.6,Joel Schumacher,Michael Douglas
Dazed and Confused,1993,102 min,Comedy,7.6,Richard Linklater,Jason London
My Cousin Vinny,1992,120 min,"Comedy, Crime",7.6,Jonathan Lynn,Joe Pesci
Omohide poro poro,1991,118 min,"Animation, Drama, Romance",7.6,Isao Takahata,Miki Imai
Delicatessen,1991,99 min,"Comedy, Crime",7.6,Marc Caro,Jean-Pierre Jeunet
Home Alone,1990,103 min,"Comedy, Family",7.6,Chris Columbus,Macaulay Culkin
The Godfather: Part III,1990,162 min,"Crime, Drama",7.6,Francis Ford Coppola,Al Pacino
When Harry Met Sally...,1989,95 min,"Comedy, Drama, Romance",7.6,Rob Reiner,Billy Crystal
The Little Mermaid,1989,83 min,"Animation, Family, Fantasy",7.6,Ron Clements,John Musker
The Naked Gun: From the Files of Police Squad!,1988,85 min,"Comedy, Crime",7.6,David Zucker,Leslie Nielsen
"Planes, Trains & Automobiles",1987,93 min,"Comedy, Drama",7.6,John Hughes,Steve Martin
Lethal Weapon,1987,109 min,"Action, Crime, Thriller",7.6,Richard Donner,Mel Gibson
Blood Simple,1984,99 min,"Crime, Drama, Thriller",7.6,Joel Coen,Ethan Coen
On Golden Pond,1981,109 min,Drama,7.6,Mark Rydell,Katharine Hepburn
Mad Max 2,1981,96 min,"Action, Adventure, Sci-Fi",7.6,George Miller,Mel Gibson
The Warriors,1979,92 min,"Action, Crime, Thriller",7.6,Walter Hill,Michael Beck
The Muppet Movie,1979,95 min,"Adventure, Comedy, Family",7.6,James Frawley,Jim Henson
Escape from Alcatraz,1979,112 min,"Action, Biography, Crime",7.6,Don Siegel,Clint Eastwood
Watership Down,1978,91 min,"Animation, Adventure, Drama",7.6,Martin Rosen,John Hubley
Midnight Express,1978,121 min,"Biography, Crime, Drama",7.6,Alan Parker,Brad Davis
Close Encounters of the Third Kind,1977,138 min,"Drama, Sci-Fi",7.6,Steven Spielberg,Richard Dreyfuss
The Long Goodbye,1973,112 min,"Comedy, Crime, Drama",7.6,Robert Altman,Elliott Gould
Giù la testa,1971,157 min,"Drama, War, Western",7.6,Sergio Leone,Rod Steiger
Kelly's Heroes,1970,144 min,"Adventure, Comedy, War",7.6,Brian G. Hutton,Clint Eastwood
The Jungle Book,1967,78 min,"Animation, Adventure, Family",7.6,Wolfgang Reitherman,Phil Harris
Blowup,1966,111 min,"Drama, Mystery, Thriller",7.6,Michelangelo Antonioni,David Hemmings
A Hard Day's Night,1964,87 min,"Comedy, Music, Musical",7.6,Richard Lester,John Lennon
Breakfast at Tiffany's,1961,115 min,"Comedy, Drama, Romance",7.6,Blake Edwards,Audrey Hepburn
Giant,1956,201 min,"Drama, Western",7.6,George Stevens,Elizabeth Taylor
From Here to Eternity,1953,118 min,"Drama, Romance, War",7.6,Fred Zinnemann,Burt Lancaster
Lifeboat,1944,97 min,"Drama, War",7.6,Alfred Hitchcock,Tallulah Bankhead
The 39 Steps,1935,86 min,"Crime, Mystery, Thriller",7.6,Alfred Hitchcock,Robert Donat
